ツイートID,名前,ユーザー名,投稿日,本文,返信数,リツイート数,いいね数
611521452752277504,相田みつを☆心に響く詩,@mitsuwo_kokoro,2015年6月18日,「毎日毎日の足跡が　おのずから人生の答を出す　きれいな足跡には　きれいな水がたまる」 by みつを,,5,8
611504494417850369,相田みつを☆心に響く詩,@mitsuwo_kokoro,2015年6月18日,いくら多くの人に読まれても、ただ読まれるだけじゃ意味が無い。・・・,,,3
610428703068155904,相田みつを☆心に響く詩,@mitsuwo_kokoro,2015年6月15日,人生の的　ふたつあったらまようよな　ひとつならまようことがない　人生の的はひとつがいい #mitsuwo,,,3
610079836267089920,相田みつを☆心に響く詩,@mitsuwo_kokoro,2015年6月14日,「おたがいになぁ　不完全　欠点だらけの　にんげんですがね」 by みつを,,1,4
610064136685228032,相田みつを☆心に響く詩,@mitsuwo_kokoro,2015年6月14日,幸せはいつも・・・,,,1
610040239118094336,相田みつを☆心に響く詩,@mitsuwo_kokoro,2015年6月14日,「子供に一首　どのような道をどのように　歩くともいのちいっぱいにいきてればいいぞ」 by みつを,,,3
609971151180185600,相田みつを☆心に響く詩,@mitsuwo_kokoro,2015年6月13日,アレもコレもほしがるなよ,,1,4
609854307685437440,相田みつを☆心に響く詩,@mitsuwo_kokoro,2015年6月13日,「土の中の水道管　高いビルの下の下水　大事なものは表に出ない」 by みつを,,1,3
609739195452559361,相田みつを☆心に響く詩,@mitsuwo_kokoro,2015年6月13日,「めしを喰って静かに息をついていたら　いつの間にか日が暮れて　気がついた時は墓場の中」 by みつを 感動したらRT！,,,
609723171529359360,相田みつを☆心に響く詩,@mitsuwo_kokoro,2015年6月13日,一生勉強　一生青春 #mitsuwo,,3,2
609707283799355392,相田みつを☆心に響く詩,@mitsuwo_kokoro,2015年6月13日,「おさいせん　百円玉一つ　ぽんと投げて　手を合わす　おねがいことの多いこと」 by みつを 感動したらRT！,,,
609690556206182400,相田みつを☆心に響く詩,@mitsuwo_kokoro,2015年6月13日,願願を持ちましょう　みトイレ用日めくり　ひとりしずか　みつを　相田みつを作品集より,,,
609674034796630016,相田みつを☆心に響く詩,@mitsuwo_kokoro,2015年6月13日,かねが人生のすべてではないが　有れば便利・・・,,,1
609574656438218752,相田みつを☆心に響く詩,@mitsuwo_kokoro,2015年6月12日,外灯というのは　人のためにつけるんだよな　わたしはどれだけ　外灯をつけられるだろうか #mitsuwo,,1,1
609558122806444032,相田みつを☆心に響く詩,@mitsuwo_kokoro,2015年6月12日,尊きものは遺産ではなくて　そのために流された先人の汗である #mitsuwo,,,
609542065463144449,相田みつを☆心に響く詩,@mitsuwo_kokoro,2015年6月12日,アノネ　人間にとって一番大事なものはなにか？そこを原点として考えてゆけば #mitsuwo,,,2
609525602916306945,相田みつを☆心に響く詩,@mitsuwo_kokoro,2015年6月12日,わかってたまるか　人に踏まれてばかりいる　雑草のくるしみが #mitsuwo,,1,6
609359426345041921,相田みつを☆心に響く詩,@mitsuwo_kokoro,2015年6月12日,短歌一首　道　かえりみる　ゆとりなけれどともかくも　いのち生かされ歩みきし道　みつをにんげんだもの　相田みつをより,,,
609343674313392128,相田みつを☆心に響く詩,@mitsuwo_kokoro,2015年6月12日,そのときの出逢いが　人生を根底から変えることがある　よき出逢いを,,3,5
609104370873925632,相田みつを☆心に響く詩,@mitsuwo_kokoro,2015年6月11日,あなたの心がきれいだから・・・,,,
608995295649669121,相田みつを☆心に響く詩,@mitsuwo_kokoro,2015年6月11日,べんかいのうまい人間　あやまりッぷりのいい人間 #mitsuwo,,,
608963284130095104,相田みつを☆心に響く詩,@mitsuwo_kokoro,2015年6月11日,道は一本　単純でまッ直ぐがいい　何かを欲しがると　欲しがったところが曲がる　道は一本まっすぐがいい,,,
608843299021967360,相田みつを☆心に響く詩,@mitsuwo_kokoro,2015年6月10日,他人の物指し　自分のものさし　それぞれ寸法がちがうんだな,,1,1
608826419234373634,相田みつを☆心に響く詩,@mitsuwo_kokoro,2015年6月10日,けれど　けれどで　なにもしない #mitsuwo,,1,3
608625480061702144,相田みつを☆心に響く詩,@mitsuwo_kokoro,2015年6月10日,正直者は　ばかをみる　だからといってうそばかりも通らない　世の中単純じゃねんだよなあ #mitsuwo,,1,1
608608878226345984,相田みつを☆心に響く詩,@mitsuwo_kokoro,2015年6月10日,「どうでもいいものは　どうでもいいんだよ　いちばん大事なことに　一番大事ないのちをかけてゆくことだ」 by みつを,,3,3
608592229884493824,相田みつを☆心に響く詩,@mitsuwo_kokoro,2015年6月10日,枯れたすすきがまだ美しいのは　いのちいっぱい一生けんめいに生きてきたからだ,,1,2
608576235191468033,相田みつを☆心に響く詩,@mitsuwo_kokoro,2015年6月10日,なみだで　あらわれるたびに　まなこがふかくなり　うれいがふかくなる #mitsuwo,,2,
608559700808835072,相田みつを☆心に響く詩,@mitsuwo_kokoro,2015年6月10日,後じゃできねんだよなあ　今のことは　今しかできぬ #mitsuwo,,5,1
608543753423458304,相田みつを☆心に響く詩,@mitsuwo_kokoro,2015年6月10日,ボロは初めに見せておけ　そうすればいつでも天下泰平だ,,1,1
608526857407856640,相田みつを☆心に響く詩,@mitsuwo_kokoro,2015年6月9日,おだてられればいい気になるし　わるくちいわれりゃ腹たつわたし,,,
608510358416859136,相田みつを☆心に響く詩,@mitsuwo_kokoro,2015年6月9日,「にんげんはねぇ　人から点数をつけられるために　この世に生まれてきたのでないんだよ　にんげんがさき点数はあと」 by みつを 感動したらRT！,,,1
608494675721228288,相田みつを☆心に響く詩,@mitsuwo_kokoro,2015年6月9日,人の為と書いて偽りと読むんだよなー,,,1
608478339049742336,相田みつを☆心に響く詩,@mitsuwo_kokoro,2015年6月9日,ぐちをこぼしてゆくんだね　なみだをながしてゆくんだね　だれにも気がねはいらぬから　えんりょしなくていいんですよ　ぐちをこぼしてゆくがいい　なみだをながしてゆくがいい,,,2
608462455417786369,相田みつを☆心に響く詩,@mitsuwo_kokoro,2015年6月9日,子供に一首　どのような道をどのように　歩くともいのちいっぱいにいきてればいいぞ,,,1
608251055948759040,相田みつを☆心に響く詩,@mitsuwo_kokoro,2015年6月9日,あのねぇ　どんなに上手なべんかいをしてもね　べんかいはやっぱり　べんかいなんだよなぁ,,,
608235102766690306,相田みつを☆心に響く詩,@mitsuwo_kokoro,2015年6月9日,人の為と書いて偽りと読むんだよなー #mitsuwo,,1,2
608085150224642048,相田みつを☆心に響く詩,@mitsuwo_kokoro,2015年6月8日,毎日少しずつ　それがなかなかできねんだなあ　みつをにんげんだもの　相田みつをより,,,
608068377618227200,相田みつを☆心に響く詩,@mitsuwo_kokoro,2015年6月8日,うばいあえば足らぬ　分け合えば余まる #mitsuwo,,,3
608051793801691137,相田みつを☆心に響く詩,@mitsuwo_kokoro,2015年6月8日,私の、このヘタな文字、つたない文章も、・・・,,1,
608036202244128768,相田みつを☆心に響く詩,@mitsuwo_kokoro,2015年6月8日,我慢をするんだよ　我慢をするんだよ　悔しいだろうがね　そこを我慢するんだよ #mitsuwo,,,3
608019832647204864,相田みつを☆心に響く詩,@mitsuwo_kokoro,2015年6月8日,やりなおしが　きかねんだなぁ　人生というものは,,4,5
608003039723556864,相田みつを☆心に響く詩,@mitsuwo_kokoro,2015年6月8日,他人の物指し　自分のものさし　それぞれ寸法がちがうんだな #mitsuwo,,2,2
607986860262977536,相田みつを☆心に響く詩,@mitsuwo_kokoro,2015年6月8日,自分の後ろ姿は　自分じゃ見えねんだなあ #mitsuwo,,,
607916681294274560,相田みつを☆心に響く詩,@mitsuwo_kokoro,2015年6月8日,負ける人のおかげで　勝てるんだよな #mitsuwo,,1,1
607900610877194242,相田みつを☆心に響く詩,@mitsuwo_kokoro,2015年6月8日,だれうらむことはない　身から出たさびだなぁ #mitsuwo,,,
607778513534382080,相田みつを☆心に響く詩,@mitsuwo_kokoro,2015年6月7日,あんなにしてやったのに『のに』がつくとぐちが出る　みつをトイレ用日めくり　ひとりしずか　みつを　相田みつを作品集より,,,
607761926253199360,相田みつを☆心に響く詩,@mitsuwo_kokoro,2015年6月7日,あとじゃできねんだよなあ・・・,,,2
607745385084297216,相田みつを☆心に響く詩,@mitsuwo_kokoro,2015年6月7日,自信はなくてうぬぼればかり　はずかしい　はずかしい,,,
607727647854952448,相田みつを☆心に響く詩,@mitsuwo_kokoro,2015年6月7日,やれなかった　やらなかった　どっちかな #mitsuwo,,,
607710853542985729,相田みつを☆心に響く詩,@mitsuwo_kokoro,2015年6月7日,おたがいになぁ　不完全　欠点だらけの　にんげんですがね,,1,
607694213082279936,相田みつを☆心に響く詩,@mitsuwo_kokoro,2015年6月7日,人間はねぇ　自分よりも人のほうがよくなると　おもしろくねんだなぁ　人間のわたし,,,
607347319978065920,相田みつを☆心に響く詩,@mitsuwo_kokoro,2015年6月6日,因も変り　縁も変る　なにもかも　みんな変ってゆくんだね　人間関係も変ってゆく世の中　無常だから #mitsuwo,,2,2
607331944523636736,相田みつを☆心に響く詩,@mitsuwo_kokoro,2015年6月6日,自分の花　名もない草も実をつける　いのちいっぱい自分の花を咲かせて #mitsuwo,1,2,1
607187332324663296,相田みつを☆心に響く詩,@mitsuwo_kokoro,2015年6月6日,「使ったところが強くなる　頭でもからだでも　その反対　使わぬところは」 by みつを 感動したらRT！,,,1
607171303942987776,相田みつを☆心に響く詩,@mitsuwo_kokoro,2015年6月6日,セトモノとセトモノとぶつかりっこするとすぐこわれちゃう・・・,,,
606821733564170241,相田みつを☆心に響く詩,@mitsuwo_kokoro,2015年6月5日,そのときの出逢いが　トイレ用日めくり　ひとりしずか　みつを　相田みつを作品集より,,,
606805390622203904,相田みつを☆心に響く詩,@mitsuwo_kokoro,2015年6月5日,「あなたがそこにただいるだけで　その場の空気が明るくなる　あなたがそこにただいるだけで」 by みつを,,1,3
606634019451584512,相田みつを☆心に響く詩,@mitsuwo_kokoro,2015年6月4日,体験してはじめて身につくんだなぁ #mitsuwo,,1,1
606457477882781696,相田みつを☆心に響く詩,@mitsuwo_kokoro,2015年6月4日,みかんには みかんの味があり りんごには りんごの美しさがある　しあわせは　いつもじぶんのこころが　きめる,,1,2
606441602022703104,相田みつを☆心に響く詩,@mitsuwo_kokoro,2015年6月4日,後じゃできねんだよなあ　今のことは　今しかできぬ,,1,1
606424277735202816,相田みつを☆心に響く詩,@mitsuwo_kokoro,2015年6月4日,気が小さくて臆病で人のこと気になって三日もねむれぬこともある　おだてられればいい気になるし　わるくちいわれりゃ腹立つわたし　物欲色欲名誉欲　人間はねぇ欲望のかたまりだな　人間のわたし #mitsuwo,,2,
606272408396300288,相田みつを☆心に響く詩,@mitsuwo_kokoro,2015年6月3日,生きているうち　はたらけるうち　日のくれぬうち　みつにんげんだもの　相田みつをよりただいるだけで　あなたがそこにただいるだけでその場の空気があかるくなる　あなたがそこにただいるだけでみんなのこころがやすらぐ　そんなあなたにわたしもなりたい　みつをにんげんだもの　相田みつをより,,1,
606255943244869632,相田みつを☆心に響く詩,@mitsuwo_kokoro,2015年6月3日,弱きもの人間　欲深きもの人間　偽り多きもの人間　そして人間の私,,1,
606105783252586496,相田みつを☆心に響く詩,@mitsuwo_kokoro,2015年6月3日,あのねぇ　どんなに上手なべんかいをしてもね　べんかいはやっぱり　べんかいなんだよなぁ #mitsuwo,,,
606089267576631297,相田みつを☆心に響く詩,@mitsuwo_kokoro,2015年6月3日,外灯というのは　人のためにつけるんだよな　わたしはどれだけ　外灯をつけられるだろうか,,,3
606073464944881664,相田みつを☆心に響く詩,@mitsuwo_kokoro,2015年6月3日,考えてばかりいると　日が暮れちゃうよ #mitsuwo,,2,2
605939704664440832,相田みつを☆心に響く詩,@mitsuwo_kokoro,2015年6月2日,いまここに　だれともくらべない はだかのにんげん　わたしがいます #mitsuwo,,,1
605902905573437443,相田みつを☆心に響く詩,@mitsuwo_kokoro,2015年6月2日,生きているうち　働けるうち　日の暮れぬうち #mitsuwo,,,
605747352540872704,相田みつを☆心に響く詩,@mitsuwo_kokoro,2015年6月2日,「あのねぇ　財産　肩書き　地位　名誉　その他　自分についている誇り高き飾り物をみんな落としてすっぱだかになってごらん　人間としての本当の自分がわかるから」 by みつを,,,
605731362650230784,相田みつを☆心に響く詩,@mitsuwo_kokoro,2015年6月2日,きれいな玄関と床の間だけじゃ生活できねんだよなあ　みつをトイレ用日めくり　ひとりしずか　みつを　相田みつを作品集より,,,
605587364459593728,相田みつを☆心に響く詩,@mitsuwo_kokoro,2015年6月1日,ふるいものを出さなければ　あたらしいものは入らない　みつをトイレ用日めくり　ひとりしずか　みつを　相田みつを作品集より,,,1
605571644006891521,相田みつを☆心に響く詩,@mitsuwo_kokoro,2015年6月1日,にんげんはねぇ　人から点数をつけられるために・・・,,,
605556050809356288,相田みつを☆心に響く詩,@mitsuwo_kokoro,2015年6月1日,けれどけれどで何もしない・・・,,,
605540230783836162,相田みつを☆心に響く詩,@mitsuwo_kokoro,2015年6月1日,どうでもいいものは　どうでもいいんだよ　いちばん大事なことに　一番大事ないのちをかけてゆくことだ,,1,1
605523680706174976,相田みつを☆心に響く詩,@mitsuwo_kokoro,2015年6月1日,みかんには みかんの味があり りんごには りんごの美しさがある　しあわせは　いつもじぶんのこころが　きめる #mitsuwo,,1,1
605507586985574400,相田みつを☆心に響く詩,@mitsuwo_kokoro,2015年6月1日,「あのときのあの苦しみも　あのときのあの悲しみも　みんな肥料になったんだなあ」 by みつを 感動したらRT！,,1,
605491659858526208,相田みつを☆心に響く詩,@mitsuwo_kokoro,2015年6月1日,「あのねぇ　どんなに上手なべんかいをしてもね　べんかいはやっぱり　べんかいなんだよなぁ」 by みつを 感動したらRT！,,1,2
605374532375871488,相田みつを☆心に響く詩,@mitsuwo_kokoro,2015年6月1日,悲しいときは全身で悲しみ　嬉しいときには手放しで喜ぶ　そういう人間で私はありたい #mitsuwo,,2,
605275940235583488,相田みつを☆心に響く詩,@mitsuwo_kokoro,2015年6月1日,なんでもいいんだともかく一生懸命やってみることだ　いのちがけでやってみることだそうすれば　人間の不完全さがよくわかる　自分の至らなさが骨身に沁みてよくわかる　頭でなくてからだ全体でよくわかる #mitsuwo,,2,3
605259945324322816,相田みつを☆心に響く詩,@mitsuwo_kokoro,2015年5月31日,ともかくも　生かされてきて　命あり #mitsuwo,,1,1
605242871210373120,相田みつを☆心に響く詩,@mitsuwo_kokoro,2015年5月31日,「昨日までの自分を否定し　今日の自分に生きる　今日新たに生まれ変わる」 by みつを 感動したらRT！,,2,1
605226397959782402,相田みつを☆心に響く詩,@mitsuwo_kokoro,2015年5月31日,いまはなんにも　いわないほうがいい　語らないほうがいい　つらいだろうが　黙っているほうがいい　いえばべんかいになるから #mitsuwo,,2,1
605153626277879809,相田みつを☆心に響く詩,@mitsuwo_kokoro,2015年5月31日,だれにだってあるんだよ　ひとにはいえないくるしみが　だれにだってあるんだよ　ひとひはいえないかなしみが　ただ　だまっているだけなんだよ　いえばぐちになるから #mitsuwo,,1,5
605137001818431489,相田みつを☆心に響く詩,@mitsuwo_kokoro,2015年5月31日,「自分の後ろ姿は　自分じゃ見えねんだなあ」 by みつを,,,
605008082544918528,相田みつを☆心に響く詩,@mitsuwo_kokoro,2015年5月31日,よくまわっているほどコマはしずかなんだな #mitsuwo,,1,1
604991914501283843,相田みつを☆心に響く詩,@mitsuwo_kokoro,2015年5月31日,弱きもの人間。欲ふかきもの人間。・・・,,2,1
604975629839171584,相田みつを☆心に響く詩,@mitsuwo_kokoro,2015年5月31日,自分の花　名もない草も実をつける　いのちいっぱい自分の花を咲かせて,,1,2
604725396941045760,相田みつを☆心に響く詩,@mitsuwo_kokoro,2015年5月30日,しあわせはいつも自分のこころがきめる,1,1,3
603535919006679040,相田みつを☆心に響く詩,@mitsuwo_kokoro,2015年5月27日,あれもほしい　これもほしい　ああなりたい　こうなりたい　欲望いっぱいのこの自分　そういう自分の運転手は自分 #mitsuwo,,1,5
603287723412099072,相田みつを☆心に響く詩,@mitsuwo_kokoro,2015年5月26日,しんじつだけが魂をうつ,,3,2
603181268612751361,相田みつを☆心に響く詩,@mitsuwo_kokoro,2015年5月26日,おなじやるならば　本腰入れてやってごらん　そのほうが　つかれないでたのしいから #mitsuwo,,1,2
602922106016247808,相田みつを☆心に響く詩,@mitsuwo_kokoro,2015年5月25日,「ビリがいるから１位がいる」 by みつを,,,
602837722101755904,相田みつを☆心に響く詩,@mitsuwo_kokoro,2015年5月25日,悲しいときは全身で悲しみ　嬉しいときには手放しで喜ぶ　そういう人間で私はありたい,,,1
602821292773941248,相田みつを☆心に響く詩,@mitsuwo_kokoro,2015年5月25日,アノネ　ひとのことじゃないんだよ　じぶんのことだよ #mitsuwo,,1,2
602559339434377216,相田みつを☆心に響く詩,@mitsuwo_kokoro,2015年5月24日,うまれかわり死にかわり　永遠の過去のいのちを受け継いで　いま自分の番を生きている　それがあなたのいのちです　それがわたしのいのちです,,,1
602481604854878210,相田みつを☆心に響く詩,@mitsuwo_kokoro,2015年5月24日,負ける人のおかげで　勝てるんだよな #mitsuwo,,2,
602464681622511616,相田みつを☆心に響く詩,@mitsuwo_kokoro,2015年5月24日,「どんなぐちでも気持ちよく聞いてくれる人　その人はあなたにとって大事な観音さまだ」 by みつを 感動したらRT！,,3,1
602448198301458436,相田みつを☆心に響く詩,@mitsuwo_kokoro,2015年5月24日,柔道の基本は受身　受身とはころぶ練習・・・,1,,1
602431986393747457,相田みつを☆心に響く詩,@mitsuwo_kokoro,2015年5月24日,アノネ　にんげんはねぇ　自分の意志でこの世に産まれてきたわけじゃねんだな　だからね自分の意志で勝手に死んではいけねんだよ #mitsuwo,,2,1
600386282871623680,相田みつを☆心に響く詩,@mitsuwo_kokoro,2015年5月18日,かんがえてばかりいると日がくれちゃうよ　みつをにんげんだもの　相田みつをより,,1,1
597485443261734912,相田みつを☆心に響く詩,@mitsuwo_kokoro,2015年5月10日,やりなおしが　きかねんだなぁ　人生というものは #mitsuwo,,2,
597358212795355136,相田みつを☆心に響く詩,@mitsuwo_kokoro,2015年5月10日,親切と言う名のおせっかい　そっとしておくおもいやり,,3,7
597342628154183681,相田みつを☆心に響く詩,@mitsuwo_kokoro,2015年5月10日,いのちの根　なみだをこらえて　かなしみにたえるとき　ぐちをいわずにくるしみにたえるとき　いいわけをしないでだまって批判にたえるとき　いかりをおさえてじっと屈辱にたえるとき　あなたの眼のいろがふかくなり　いのちの根がふかくなる　みつをにんげんだもの　相田みつをより,,6,9
597326696249851906,相田みつを☆心に響く詩,@mitsuwo_kokoro,2015年5月10日,夢はでっかく　根はふかく,,3,3
597310908637913088,相田みつを☆心に響く詩,@mitsuwo_kokoro,2015年5月10日,自分が自分にいやになるとき　金がほしいのにほしくないようなふりをするとき #mitsuwo,,,
597199769094660096,相田みつを☆心に響く詩,@mitsuwo_kokoro,2015年5月9日,枯れたすすきがまだ美しいのは　いのちいっぱい一生けんめいに生きてきたからだ #mitsuwo,,,
597054756293480448,相田みつを☆心に響く詩,@mitsuwo_kokoro,2015年5月9日,おたがいになぁ　不完全　欠点だらけの　にんげんですがね #mitsuwo,,3,
597038117497937922,相田みつを☆心に響く詩,@mitsuwo_kokoro,2015年5月9日,だれにだってあるんだよ　ひとにはいえないくるしみが　だれにだってあるんだよ　ひとひはいえないかなしみが　ただ　だまっているだけなんだよ　いえばぐちになるから,,4,4
597022103154503681,相田みつを☆心に響く詩,@mitsuwo_kokoro,2015年5月9日,いいですか　いくらのろくても　かまいませんよ　たいせつなことはね　いつでも前をむいて　自分の足で自分の道を歩くことですよ　いいですか　どんな大事なものでもね　荷物はみんな捨ててくださいよ　自分のからだも　捨てるんですからね,,3,3
596884801040158721,相田みつを☆心に響く詩,@mitsuwo_kokoro,2015年5月8日,「ぐちをこぼしてゆくんだね　なみだをながしてゆくんだね　だれにも気がねはいらぬから　えんりょしなくていいんですよ　ぐちをこぼしてゆくがいい　なみだをながしてゆくがいい」 by みつを,1,,1
596869270467776512,相田みつを☆心に響く詩,@mitsuwo_kokoro,2015年5月8日,雨の日には雨の中を　風の日には風の中を,,1,
596853201665527809,相田みつを☆心に響く詩,@mitsuwo_kokoro,2015年5月8日,どんなぐちでも気持ちよく聞いてくれる人　その人はあなたにとって大事な観音さまだ #mitsuwo,,2,2
596702678484291584,相田みつを☆心に響く詩,@mitsuwo_kokoro,2015年5月8日,「負ける人のおかげで　勝てるんだよな」 by みつを,,2,3
596686758844059651,相田みつを☆心に響く詩,@mitsuwo_kokoro,2015年5月8日,子供に一首　どのような道をどのように　歩くともいのちいっぱいにいきてればいいぞ #mitsuwo,,1,1
596670997434011648,相田みつを☆心に響く詩,@mitsuwo_kokoro,2015年5月8日,親切という名のおっせかい・・・,,4,3
596654480290000896,相田みつを☆心に響く詩,@mitsuwo_kokoro,2015年5月8日,毎日少しずつ・・・,,2,3
596038086015864832,相田みつを☆心に響く詩,@mitsuwo_kokoro,2015年5月6日,アレもコレもほしがるなよ #mitsuwo,,1,2
595791694395777024,相田みつを☆心に響く詩,@mitsuwo_kokoro,2015年5月5日,歩くから道になる　歩かなければ草が生える,,1,3
595775292473516032,相田みつを☆心に響く詩,@mitsuwo_kokoro,2015年5月5日,道は一本　単純でまッ直ぐがいい　何かを欲しがると　欲しがったところが曲がる　道は一本まっすぐがいい,,1,4
595759078099591169,相田みつを☆心に響く詩,@mitsuwo_kokoro,2015年5月5日,よくまわっているほどコマはしずかなんだな #mitsuwo,,1,1
595434612530118657,相田みつを☆心に響く詩,@mitsuwo_kokoro,2015年5月4日,なんにも欲しがらぬときが　一番強い #mitsuwo,,,1
595417916226568194,相田みつを☆心に響く詩,@mitsuwo_kokoro,2015年5月4日,いまが大事,,,4
595135263925407744,相田みつを☆心に響く詩,@mitsuwo_kokoro,2015年5月4日,つまづいたっていいじゃないか　にんげんだもの #mitsuwo,,,
595119881600638977,相田みつを☆心に響く詩,@mitsuwo_kokoro,2015年5月3日,かねかねかねと金追いかけても　行きつくところは一体どこなの? #mitsuwo,,,1
595103658217312256,相田みつを☆心に響く詩,@mitsuwo_kokoro,2015年5月3日,「七転八倒　つまづいたり　ころんだり　するほうが　自然なんだな　にんげんだもの」 by みつを,,1,
595087959952494592,相田みつを☆心に響く詩,@mitsuwo_kokoro,2015年5月3日,にんげんはねぇ　人から点数をつけられるために・・・,,1,1
595071602234036224,相田みつを☆心に響く詩,@mitsuwo_kokoro,2015年5月3日,「転んだっていいじゃないか。人間だもの。」 by みつを 感動したらRT！,,1,
595054479600324608,相田みつを☆心に響く詩,@mitsuwo_kokoro,2015年5月3日,花には人間のようなかけひきがないからいい　ただ咲いてだた散ってゆくからいい　ただになれない人間のわたし　みつをトイレ用日めくり　ひとりしずか　みつを　相田みつを作品集より,,1,1
595038727061114881,相田みつを☆心に響く詩,@mitsuwo_kokoro,2015年5月3日,人間はねぇ　自分よりも人のほうがよくなると　おもしろくねんだなぁ　人間のわたし #mitsuwo,,1,1
595021516971970561,相田みつを☆心に響く詩,@mitsuwo_kokoro,2015年5月3日,身からでたサビだなあ　身に覚えがあるよ #mitsuwo,,,
594867457531088896,相田みつを☆心に響く詩,@mitsuwo_kokoro,2015年5月3日,「使ったところが強くなる　頭でもからだでも　その反対　使わぬところは」 by みつを 感動したらRT！,,,
594851214082215937,相田みつを☆心に響く詩,@mitsuwo_kokoro,2015年5月3日,後じゃできねんだよなあ　今のことは　今しかできぬ,,,1
594835276465221632,相田みつを☆心に響く詩,@mitsuwo_kokoro,2015年5月3日,みかんには みかんの味があり りんごには りんごの美しさがある　しあわせは　いつもじぶんのこころが　きめる #mitsuwo,,,1
594818909401841664,相田みつを☆心に響く詩,@mitsuwo_kokoro,2015年5月3日,「使ったところが強くなる　頭でもからだでも　その反対　使わぬところは」 by みつを,,1,1
594803306360242176,相田みつを☆心に響く詩,@mitsuwo_kokoro,2015年5月3日,おだてられればいい気になるし　わるくちいわれりゃ腹たつわたし,,,2
594787916238364672,相田みつを☆心に響く詩,@mitsuwo_kokoro,2015年5月3日,他人の物指し　自分のものさし　それぞれ寸法がちがうんだな #mitsuwo,,1,
594657235969576960,相田みつを☆心に響く詩,@mitsuwo_kokoro,2015年5月2日,できない約束はしないことだな #mitsuwo,,1,2
594641465675882496,相田みつを☆心に響く詩,@mitsuwo_kokoro,2015年5月2日,わかってたまるか　人に踏まれてばかりいる　雑草のくるしみが,,,1
594611339575701504,相田みつを☆心に響く詩,@mitsuwo_kokoro,2015年5月2日,水にぬれなければ　およげませんよ。,,,2
594595255749517312,相田みつを☆心に響く詩,@mitsuwo_kokoro,2015年5月2日,わかってたまるか　人に踏まれてばかりいる　雑草のくるしみが #mitsuwo,,1,
594578243253981184,相田みつを☆心に響く詩,@mitsuwo_kokoro,2015年5月2日,あなたの心がきれいだから　何でもきれいに見えるんだなあ,,1,1
594520239355736064,相田みつを☆心に響く詩,@mitsuwo_kokoro,2015年5月2日,かねが人生のすべてではないが　有れば便利・・・,,1,
594502546535755776,相田みつを☆心に響く詩,@mitsuwo_kokoro,2015年5月2日,きれいな玄関と床の間だけじゃ生活できねんだよなあ　みつをトイレ用日めくり　ひとりしずか　みつを　相田みつを作品集より,,,1
594351188214030336,相田みつを☆心に響く詩,@mitsuwo_kokoro,2015年5月1日,「歩くから道になる　歩かなければ草が生える」 by みつを,,1,
594249682391470080,相田みつを☆心に響く詩,@mitsuwo_kokoro,2015年5月1日,人生の的　ふたつあったらまようよな　ひとつならまようことがない　人生の的はひとつがいい #mitsuwo,,1,1
594232031338336258,相田みつを☆心に響く詩,@mitsuwo_kokoro,2015年5月1日,ふるいものを出さなければ　あたらしいものは入らない　みつをトイレ用日めくり　ひとりしずか　みつを　相田みつを作品集より,,,1
594216055599337472,相田みつを☆心に響く詩,@mitsuwo_kokoro,2015年5月1日,ともかくも　生かされてきて　命あり #mitsuwo,,1,
594150610418601984,相田みつを☆心に響く詩,@mitsuwo_kokoro,2015年5月1日,「できない約束はしないことだな」 by みつを 感動したらRT！,,,
594134651595194369,相田みつを☆心に響く詩,@mitsuwo_kokoro,2015年5月1日,いくら多くの人に読まれても、ただ読まれるだけじゃ意味が無い。・・・,,,
594118456254988288,相田みつを☆心に響く詩,@mitsuwo_kokoro,2015年5月1日,我慢をするんだよ　我慢をするんだよ　悔しいだろうがね　そこを我慢するんだよ #mitsuwo,,2,3
593861334971781122,相田みつを☆心に響く詩,@mitsuwo_kokoro,2015年4月30日,やり直しのきかない人生　待った無しの命 #mitsuwo,,2,3
593768429498171392,相田みつを☆心に響く詩,@mitsuwo_kokoro,2015年4月30日,あんなにしてやったのに『のに』がつくとぐちが出る　みつをトイレ用日めくり　ひとりしずか　みつを　相田みつを作品集より,,,
593753045990649856,相田みつを☆心に響く詩,@mitsuwo_kokoro,2015年4月30日,慣れるな　なれるな　どんなことにも慣れるな　慣れると感動がなくなるから #mitsuwo,,2,1
593511703481962497,相田みつを☆心に響く詩,@mitsuwo_kokoro,2015年4月29日,うつくしいものを美しいと思える　あなたの心が美しい #mitsuwo,,1,1
593496040336044032,相田みつを☆心に響く詩,@mitsuwo_kokoro,2015年4月29日,おまえさんな　いま一体何が一番欲しい　あれもこれもじゃだめだよ　いのちがけでほしいものを　ただ一ツに的をしぼって　言ってみな,,,1
593424950133805056,相田みつを☆心に響く詩,@mitsuwo_kokoro,2015年4月29日,かんのんさまは　どうして　こんなにしずかなの　かなしみに　たえた人だから　どうしてこんなに　やさしいの　ひとの世の　くるしみに　一番泣いた方　だから #mitsuwo,,,
593408516158722049,相田みつを☆心に響く詩,@mitsuwo_kokoro,2015年4月29日,人間が人間として　生きるときの時は　いつでもいま・・・,,,
593385506836090881,相田みつを☆心に響く詩,@mitsuwo_kokoro,2015年4月29日,ボロは初めに見せておけ　そうすればいつでも天下泰平だ,,1,
593369170865098752,相田みつを☆心に響く詩,@mitsuwo_kokoro,2015年4月29日,自分の花　名もない草も実をつける　いのちいっぱい自分の花を咲かせて,,1,
593353077580648448,相田みつを☆心に響く詩,@mitsuwo_kokoro,2015年4月29日,私の、このヘタな文字、つたない文章も、・・・,,,
593337058497732609,相田みつを☆心に響く詩,@mitsuwo_kokoro,2015年4月29日,ラクしてカッコよければしあわせか。・・・,,,
593320722291826688,相田みつを☆心に響く詩,@mitsuwo_kokoro,2015年4月29日,雨の日には雨の中を　風の日には風の中を #mitsuwo,,,
593305262447927296,相田みつを☆心に響く詩,@mitsuwo_kokoro,2015年4月28日,うそはいわない　こころにきめてうそをいう　みつをにんげんだもの　相田みつをより,,,1
593289431324340224,相田みつを☆心に響く詩,@mitsuwo_kokoro,2015年4月28日,トマトがねぇトマトのままでいればほんものなんだよ　トマトをメロンにみせようとするからにせものになるんだよ　みんなそれぞれにほんものなのに骨を折ってにせものになりたがる #mitsuwo,,,2
593273465177706497,相田みつを☆心に響く詩,@mitsuwo_kokoro,2015年4月28日,あんなにしてやったのに　「のに」がつくとぐちがでる,,,
593257506954031104,相田みつを☆心に響く詩,@mitsuwo_kokoro,2015年4月28日,やれなかった　やらなかった　どっちかな #mitsuwo,,,1
593241509559816193,相田みつを☆心に響く詩,@mitsuwo_kokoro,2015年4月28日,おまえさんな　いま一体何が一番欲しい　あれもこれもじゃだめだよ　いのちがけでほしいものを　ただ一ツに的をしぼって　言ってみな #mitsuwo,,1,1
593225825903714304,相田みつを☆心に響く詩,@mitsuwo_kokoro,2015年4月28日,「わかってたまるか　人に踏まれてばかりいる　雑草のくるしみが」 by みつを 感動したらRT！,,,1
593209855625670656,相田みつを☆心に響く詩,@mitsuwo_kokoro,2015年4月28日,「あのときのあの苦しみも　あのときのあの悲しみも　みんな肥料になったんだなあ」 by みつを 感動したらRT！,,,1
593193760915263488,相田みつを☆心に響く詩,@mitsuwo_kokoro,2015年4月28日,自分の花　名もない草も実をつける　いのちいっぱい自分の花を咲かせて #mitsuwo,,,
593178184725598208,相田みつを☆心に響く詩,@mitsuwo_kokoro,2015年4月28日,外灯というのは人のためにつけるんだよな・・・,,,
593162259800592388,相田みつを☆心に響く詩,@mitsuwo_kokoro,2015年4月28日,一生勉強　一生青春 #mitsuwo,,1,
593145986135887872,相田みつを☆心に響く詩,@mitsuwo_kokoro,2015年4月28日,どんな仕事でも　徹すればかならず　生きられるものです #mitsuwo,,,2
593130229708632065,相田みつを☆心に響く詩,@mitsuwo_kokoro,2015年4月28日,自分の番　うまれかわり死にかわり永遠の過去のいのちを受けついで　いま自分の番を生きている　それがあなたのいのちです　それがわたしのいのちです　みつをにんげんだもの　相田みつをより,,,
593050224043511808,相田みつを☆心に響く詩,@mitsuwo_kokoro,2015年4月28日,生きているうち　働けるうち　日の暮れぬうち #mitsuwo,,,
593034023158484992,相田みつを☆心に響く詩,@mitsuwo_kokoro,2015年4月28日,あのねぇ　財産　肩書き　地位　名誉　その他　自分についている誇り高き飾り物をみんな落としてすっぱだかになってごらん　人間としての本当の自分がわかるから,,1,3
592788729384837121,相田みつを☆心に響く詩,@mitsuwo_kokoro,2015年4月27日,しんじつだけが魂をうつ #mitsuwo,,1,1
592772319413673985,相田みつを☆心に響く詩,@mitsuwo_kokoro,2015年4月27日,かんのんさまは　どうして　こんなにしずかなの　かなしみに　たえた人だから　どうしてこんなに　やさしいの　ひとの世の　くるしみに　一番泣いた方　だから,,,1
592703267819380736,相田みつを☆心に響く詩,@mitsuwo_kokoro,2015年4月27日,尊きものは遺産ではなくて　そのために流された先人の汗である #mitsuwo,,,
592687317862711296,相田みつを☆心に響く詩,@mitsuwo_kokoro,2015年4月27日,歩くから道になる　歩かなければ草が生える #mitsuwo,,,1
592671671682781184,相田みつを☆心に響く詩,@mitsuwo_kokoro,2015年4月27日,アノネ、がんばんなくてもいいからさ、具体的に動くことだね。 #mitsuwo,,1,1
592655775014723585,相田みつを☆心に響く詩,@mitsuwo_kokoro,2015年4月27日,あたらしい門出をする者には新しい道がひらける,,,1
592413132598808576,相田みつを☆心に響く詩,@mitsuwo_kokoro,2015年4月26日,みかんには みかんの味があり りんごには りんごの美しさがある　しあわせは　いつもじぶんのこころが　きめる,,1,2
592321147015798784,相田みつを☆心に響く詩,@mitsuwo_kokoro,2015年4月26日,「あのねぇ　どんなに上手なべんかいをしてもね　べんかいはやっぱり　べんかいなんだよなぁ」 by みつを 感動したらRT！,,,1
592305147297988608,相田みつを☆心に響く詩,@mitsuwo_kokoro,2015年4月26日,ともかく具体的に動いてごらん　具体的に動けば具体的な答えが出るから #mitsuwo,,,1
590129873219235840,相田みつを☆心に響く詩,@mitsuwo_kokoro,2015年4月20日,「がまんをするんだよ　がまんをするんだよ　くやしいだろうがね　そこをがまんをするんだよ　そうすれば　人のかなしみやくるしみがよくわかってくるから」 by みつを,,4,6
589884475997204480,相田みつを☆心に響く詩,@mitsuwo_kokoro,2015年4月19日,あのねぇ　財産　肩書き　地位　名誉　その他　自分についている誇り高き飾り物をみんな落としてすっぱだかになってごらん　人間としての本当の自分がわかるから #mitsuwo,,,2
589573924607774720,相田みつを☆心に響く詩,@mitsuwo_kokoro,2015年4月18日,にんげんはねぇ　どんな人でも人それぞれに悩みや苦しみをいっぱい抱えて生きているんだね　ほとけさまにもいえないような悩みと苦しみをね #mitsuwo,,1,3
589522011484913664,相田みつを☆心に響く詩,@mitsuwo_kokoro,2015年4月18日,「あなたがそこにただいるだけで　その場の空気が明るくなる　あなたがそこにただいるだけで」 by みつを,,1,1
589232469494222848,相田みつを☆心に響く詩,@mitsuwo_kokoro,2015年4月17日,子供に一首　どのような道をどのように　歩くともいのちいっぱいにいきてればいいぞ,,,
588344715646369793,相田みつを☆心に響く詩,@mitsuwo_kokoro,2015年4月15日,アノネ　仕事はなんでもいい　ただひたすら　じぶんの仕事に打ち込んでいる姿はみんなすばらしい #mitsuwo,,,1
588327688491831296,相田みつを☆心に響く詩,@mitsuwo_kokoro,2015年4月15日,いまが大事 #mitsuwo,,1,1
588310472765521920,相田みつを☆心に響く詩,@mitsuwo_kokoro,2015年4月15日,にんげん　一番いやなことは　じぶんがじぶんにうそをいうときだ #mitsuwo,,2,1
588074667740545024,相田みつを☆心に響く詩,@mitsuwo_kokoro,2015年4月14日,体験してはじめて身につくんだなあ　みつをトイレ用日めくり　ひとりしずか　みつを　相田みつを作品集より,,1,
587974204491857920,相田みつを☆心に響く詩,@mitsuwo_kokoro,2015年4月14日,「自分の後ろ姿は　自分じゃ見えねんだなあ」 by みつを 感動したらRT！,,,
587956812327944192,相田みつを☆心に響く詩,@mitsuwo_kokoro,2015年4月14日,人の為と書いて偽りと読むんだよなー,,1,1
587702421893152768,相田みつを☆心に響く詩,@mitsuwo_kokoro,2015年4月13日,おなじやるならば　本腰入れてやってごらん　そのほうが　つかれないでたのしいから,,1,3
587626288631824385,相田みつを☆心に響く詩,@mitsuwo_kokoro,2015年4月13日,弱きもの人間　欲深きもの人間　偽り多きもの人間　そして人間の私 #mitsuwo,,,
587609677006897152,相田みつを☆心に響く詩,@mitsuwo_kokoro,2015年4月13日,土の中の水道管　高いビルの下の下水　大事なものは表に出ない #mitsuwo,,,
587593952817065986,相田みつを☆心に響く詩,@mitsuwo_kokoro,2015年4月13日,これでいいということはないが・・・,,,
587352994699579392,相田みつを☆心に響く詩,@mitsuwo_kokoro,2015年4月12日,金が人生のすべてではないが　有れば便利　無いと不便です　便利のほうがいいなあ #mitsuwo,,,1
587336744330141696,相田みつを☆心に響く詩,@mitsuwo_kokoro,2015年4月12日,けれどけれどで何もしない・・・,,,
587238692764262401,相田みつを☆心に響く詩,@mitsuwo_kokoro,2015年4月12日,そのうち　そのうち　べんかいしながら　日がくれる #mitsuwo,,2,
587222801406300160,相田みつを☆心に響く詩,@mitsuwo_kokoro,2015年4月12日,ビリがいるから１位がいる #mitsuwo,,1,1
587205932167245825,相田みつを☆心に響く詩,@mitsuwo_kokoro,2015年4月12日,どうでもいいものは　どうでもいいんだよ　いちばん大事なことに　一番大事ないのちをかけてゆくことだ #mitsuwo,,1,
587189383880556544,相田みつを☆心に響く詩,@mitsuwo_kokoro,2015年4月12日,かげぐちをいわれることを知りながら　ほめられればすぐのぼせるわたし　みつをトイレ用日めくり　ひとりしずか　みつを　相田みつを作品集より,,,
587172430314995712,相田みつを☆心に響く詩,@mitsuwo_kokoro,2015年4月12日,だれうらむことはない　身から出たさびだなぁ #mitsuwo,,,
587155827611435008,相田みつを☆心に響く詩,@mitsuwo_kokoro,2015年4月12日,あのときの　あの苦しみも・・・,,,
587059012337696768,相田みつを☆心に響く詩,@mitsuwo_kokoro,2015年4月11日,枯れたすすきがまだ美しいのは　いのちいっぱい一生けんめいに生きてきたからだ,,,1
587042190729195520,相田みつを☆心に響く詩,@mitsuwo_kokoro,2015年4月11日,「うばいあえば足らぬ　分け合えば余まる」 by みつを 感動したらRT！,,,
586900616552648704,相田みつを☆心に響く詩,@mitsuwo_kokoro,2015年4月11日,人里はなれた　谷間の白百合の花は　誰にも見てもらえないのですが　少しのかけ引きもなく　精一杯の美しさで咲いています #mitsuwo,,1,2
586884278039945216,相田みつを☆心に響く詩,@mitsuwo_kokoro,2015年4月11日,よくまわっているほどコマはしずかなんだな,,2,1
586867790478344193,相田みつを☆心に響く詩,@mitsuwo_kokoro,2015年4月11日,にんげんはねぇ　人から点数をつけられるために　この世に生まれてきたのでないんだよ　にんげんがさき点数はあと,,,
586851813690777600,相田みつを☆心に響く詩,@mitsuwo_kokoro,2015年4月11日,人の為と書いて偽りと読むんだよなー #mitsuwo,,6,6
586836298398244864,相田みつを☆心に響く詩,@mitsuwo_kokoro,2015年4月11日,「自分の花」　名もない草も実をつける　命いっぱいに自分の花を咲かせて #mitsuwo,,,
586819880587919360,相田みつを☆心に響く詩,@mitsuwo_kokoro,2015年4月11日,「昨日までの自分を否定し　今日の自分に生きる　今日新たに生まれ変わる」 by みつを,,,2
586803467563335680,相田みつを☆心に響く詩,@mitsuwo_kokoro,2015年4月11日,そのままでいいがな,,1,2
586787479182712832,相田みつを☆心に響く詩,@mitsuwo_kokoro,2015年4月11日,なんでもいいんだともかく一生懸命やってみることだ　いのちがけでやってみることだそうすれば　人間の不完全さがよくわかる　自分の至らなさが骨身に沁みてよくわかる　頭でなくてからだ全体でよくわかる,,,
586733311239688193,相田みつを☆心に響く詩,@mitsuwo_kokoro,2015年4月10日,おさいせん　百円玉一つ　ぽんと投げて　手を合わす　おねがいことの多いこと #mitsuwo,,,
586717905573687296,相田みつを☆心に響く詩,@mitsuwo_kokoro,2015年4月10日,道は一本　単純でまッ直ぐがいい　何かを欲しがると　欲しがったところが曲がる　道は一本まっすぐがいい #mitsuwo,,2,2
586701719553335296,相田みつを☆心に響く詩,@mitsuwo_kokoro,2015年4月10日,アノネ　仕事はなんでもいい　ただひたすら　じぶんの仕事に打ち込んでいる姿はみんなすばらしい,,,1
586686271939944448,相田みつを☆心に響く詩,@mitsuwo_kokoro,2015年4月10日,なんでもいいんだともかく一生懸命やってみることだ　いのちがけでやってみることだそうすれば　人間の不完全さがよくわかる　自分の至らなさが骨身に沁みてよくわかる　頭でなくてからだ全体でよくわかる #mitsuwo,,,
586670087416909824,相田みつを☆心に響く詩,@mitsuwo_kokoro,2015年4月10日,慣れるな　なれるな　どんなことにも慣れるな　慣れると感動がなくなるから,,,1
586516823031447552,相田みつを☆心に響く詩,@mitsuwo_kokoro,2015年4月10日,「雨の日には雨の中を　風の日には風の中を」 by みつを,,,
586500969283747840,相田みつを☆心に響く詩,@mitsuwo_kokoro,2015年4月10日,ビリがいるから１位がいる,,1,1
586252264865714177,相田みつを☆心に響く詩,@mitsuwo_kokoro,2015年4月9日,「どうでもいいものは　どうでもいいんだよ　いちばん大事なことに　一番大事ないのちをかけてゆくことだ」 by みつを,,1,3
586157906019528704,相田みつを☆心に響く詩,@mitsuwo_kokoro,2015年4月9日,あなたにめぐり逢えて本当によかった　一人でもいい　心からそう言ってくれる人があれば #mitsuwo,,1,3
586141879713927168,相田みつを☆心に響く詩,@mitsuwo_kokoro,2015年4月9日,うばいあえば足らぬ　分け合えば余まる,,1,2
585793700321558528,相田みつを☆心に響く詩,@mitsuwo_kokoro,2015年4月8日,トイレ用日めくり　ひとりしずか　みつを　相田みつを作品集より,,,
585778022994677760,相田みつを☆心に響く詩,@mitsuwo_kokoro,2015年4月8日,そのときの出逢いが　人生を根底から変えることがある　よき出逢いを #mitsuwo,,4,3
585762715764826113,相田みつを☆心に響く詩,@mitsuwo_kokoro,2015年4月8日,やり直しのきかない人生・・・,,,
585745980760293376,相田みつを☆心に響く詩,@mitsuwo_kokoro,2015年4月8日,負ける人のおかげで　勝てるんだよな,,,
568773665266864128,相田みつを☆心に響く詩,@mitsuwo_kokoro,2015年2月20日,「土の中の水道管　高いビルの下の下水　大事なものは表に出ない」 by みつを,1,3,4
568757908696989696,相田みつを☆心に響く詩,@mitsuwo_kokoro,2015年2月20日,いまここに　だれともくらべない はだかのにんげん　わたしがいます #mitsuwo,,,3
568493148718157825,相田みつを☆心に響く詩,@mitsuwo_kokoro,2015年2月19日,自身はなくてうぬぼればかり　はずかしい　はずかしい,,,1
568413219129135104,相田みつを☆心に響く詩,@mitsuwo_kokoro,2015年2月19日,昨日までの自分を否定し　今日の自分に生きる　今日新たに生まれ変わる #mitsuwo,,2,2
568397293352669185,相田みつを☆心に響く詩,@mitsuwo_kokoro,2015年2月19日,毎日毎日の足跡が　おのずから人生の答を出す　きれいな足跡には　きれいな水がたまる #mitsuwo,,3,1
568381536346595329,相田みつを☆心に響く詩,@mitsuwo_kokoro,2015年2月19日,「身近な人の死に逢うたびに　私は人間の命のはかなさにガクゼンとします　この世に人間として生きている尊さを骨身にしみて感じるとき　私には仕事への闘志が湧いてきます」 by みつを,,1,2
568133458532237312,相田みつを☆心に響く詩,@mitsuwo_kokoro,2015年2月18日,あのねぇ　どんなに上手なべんかいをしてもね　べんかいはやっぱり　べんかいなんだよなぁ #mitsuwo,,1,2
568033703990923264,相田みつを☆心に響く詩,@mitsuwo_kokoro,2015年2月18日,渦巻いて　濁らない　滝つぼの水,,3,
568016788866232320,相田みつを☆心に響く詩,@mitsuwo_kokoro,2015年2月18日,雨の日には雨の中を・・・,,1,
567768855984881664,相田みつを☆心に響く詩,@mitsuwo_kokoro,2015年2月17日,我慢をするんだよ　我慢をするんだよ　悔しいだろうがね　そこを我慢するんだよ,,2,3
567661805741150208,相田みつを☆心に響く詩,@mitsuwo_kokoro,2015年2月17日,体験してはじめて身につくんだなぁ,,2,6
567409997370249216,相田みつを☆心に響く詩,@mitsuwo_kokoro,2015年2月16日,「人間はねぇ　自分よりも人のほうがよくなると　おもしろくねんだなぁ　人間のわたし」 by みつを,,,3
567329236235452417,相田みつを☆心に響く詩,@mitsuwo_kokoro,2015年2月16日,がまんをするんだよ　がまんをするんだよ　くやしいだろうがね　そこをがまんをするんだよ　そうすれば　人のかなしみやくるしみがよくわかってくるから,,2,5
567312403084230656,相田みつを☆心に響く詩,@mitsuwo_kokoro,2015年2月16日,因も変り　縁も変る　なにもかも　みんな変ってゆくんだね　人間関係も変ってゆく世の中　無常だから #mitsuwo,,,4
567296694954369025,相田みつを☆心に響く詩,@mitsuwo_kokoro,2015年2月16日,考えてばかりいると　日が暮れちゃうよ #mitsuwo,1,1,4
567047470840954880,相田みつを☆心に響く詩,@mitsuwo_kokoro,2015年2月15日,人間追いつめられてはじめて本音を吐く　その時どんな本音を吐くかそれが大事,,1,9
566971643805700096,相田みつを☆心に響く詩,@mitsuwo_kokoro,2015年2月15日,名もない草も実をつける・・・,,,1
566955347743481856,相田みつを☆心に響く詩,@mitsuwo_kokoro,2015年2月15日,どうでもいいものは　どうでもいいんだよ　いちばん大事なことに　一番大事ないのちをかけてゆくことうまれかわり死にかわり　永遠の過去のいのちを受け継いで　いま自分の番を生きている　それがあなたのいのちです　それがわたしのいのちです,,2,5
566938770885201921,相田みつを☆心に響く詩,@mitsuwo_kokoro,2015年2月15日,わたしは、人間のほんとうの幸せとは・・・,,1,3
566922616124887041,相田みつを☆心に響く詩,@mitsuwo_kokoro,2015年2月15日,自分の心のどん底が納得しているかどうかそこが大事,,2,3
566905811813662720,相田みつを☆心に響く詩,@mitsuwo_kokoro,2015年2月15日,外灯というのは　人のためにつけるんだよな　わたしはどれだけ　外灯をつけられるだろうか,,3,2
566889780428816384,相田みつを☆心に響く詩,@mitsuwo_kokoro,2015年2月15日,いまはなんにも　いわないほうがいい　語らないほうがいい　つらいだろうが　黙っているほうがいい　いえばべんかいになるから,,1,4
566873149086523393,相田みつを☆心に響く詩,@mitsuwo_kokoro,2015年2月15日,一生燃焼　一生感動　一生不悟,,,2
566857030531444736,相田みつを☆心に響く詩,@mitsuwo_kokoro,2015年2月14日,その人にはウソが言えない　その人はあなたの大事な仏さま #mitsuwo,,,2
566840929646964737,相田みつを☆心に響く詩,@mitsuwo_kokoro,2015年2月14日,アノネ　かんのんさまがみていてくれるよ　なにもかもみんな承知でね　かんのんさまがみていてくれるよ　いいわけやべんかいなんかしなくてもね　かんのんさまがちゃんとみていてくれるよ #mitsuwo,,,
566824510569975808,相田みつを☆心に響く詩,@mitsuwo_kokoro,2015年2月14日,気が小さくて臆病で人のこと気になって三日もねむれぬこともある　おだてられればいい気になるし　わるくちいわれりゃ腹立つわたし　物欲色欲名誉欲　人間はねぇ欲望のかたまりだな　人間のわたし #mitsuwo,,1,4
566809028861231106,相田みつを☆心に響く詩,@mitsuwo_kokoro,2015年2月14日,「金が人生のすべてではないが　有れば便利　無いと不便です　便利のほうがいいなあ」 by みつを 感動したらRT！,,,1
566792977171767298,相田みつを☆心に響く詩,@mitsuwo_kokoro,2015年2月14日,美しいものを美しいと思えるあなたの心が美しい #mitsuwo,,3,2
566776344780873728,相田みつを☆心に響く詩,@mitsuwo_kokoro,2015年2月14日,おまえさんないま一体何が一番欲しい・・・,,,1
566592363766640640,相田みつを☆心に響く詩,@mitsuwo_kokoro,2015年2月14日,セトモノとセトモノとぶつかりっこするとすぐこわれちゃう・・・,,3,1
566576588200751104,相田みつを☆心に響く詩,@mitsuwo_kokoro,2015年2月14日,おてんとうさまのひかりをいっぱい吸った・・・,,1,1
566560500960346113,相田みつを☆心に響く詩,@mitsuwo_kokoro,2015年2月14日,身近な人の死に逢うたびに　私は人間の命のはかなさにガクゼンとします　この世に人間として生きている尊さを骨身にしみて感じるとき　私には仕事への闘志が湧いてきます,,4,3
566543801787748353,相田みつを☆心に響く詩,@mitsuwo_kokoro,2015年2月14日,がまんをするんだよ　がまんをするんだよ　くやしいだろうがね　そこをがまんをするんだよ　そうすれば　人のかなしみやくるしみがよくわかってくるから #mitsuwo,,3,2
566527690946007040,相田みつを☆心に響く詩,@mitsuwo_kokoro,2015年2月14日,そのときの出逢いが　トイレ用日めくり　ひとりしずか　みつを　相田みつを作品集より,,1,1
566511333277827075,相田みつを☆心に響く詩,@mitsuwo_kokoro,2015年2月14日,やりなおしが　きかねんだなぁ　人生というものは,,2,2
566495631921795072,相田みつを☆心に響く詩,@mitsuwo_kokoro,2015年2月13日,ぐちをこぼしてゆくんだね　なみだをながしてゆくんだね　だれにも気がねはいらぬから　えんりょしなくていいんですよ　ぐちをこぼしてゆくがいい　なみだをながしてゆくがいい,,1,1
566479807886540800,相田みつを☆心に響く詩,@mitsuwo_kokoro,2015年2月13日,花を支える枝・・・,,,
566463571932884993,相田みつを☆心に響く詩,@mitsuwo_kokoro,2015年2月13日,その根っこは見えない　その見えないところに大事な点がある,,,1
566447424076386304,相田みつを☆心に響く詩,@mitsuwo_kokoro,2015年2月13日,幸せはいつも・・・,,,
566431446265393152,相田みつを☆心に響く詩,@mitsuwo_kokoro,2015年2月13日,にんげんはねぇ　人から点数をつけられるために　この世に生まれてきたのでないんだよ　にんげんがさき点数はあと #mitsuwo,,1,2
566415263923306496,相田みつを☆心に響く詩,@mitsuwo_kokoro,2015年2月13日,あなたの心がきれいだから・・・,,,
566241088394907649,相田みつを☆心に響く詩,@mitsuwo_kokoro,2015年2月13日,あとでやろうと思っても・・・,,,1
566225131156946944,相田みつを☆心に響く詩,@mitsuwo_kokoro,2015年2月13日,「おたがいになぁ　不完全　欠点だらけの　にんげんですがね」 by みつを,,5,3
566209132286341121,相田みつを☆心に響く詩,@mitsuwo_kokoro,2015年2月13日,「待ってもむだなことがある　待ってもだめなこともある　待ってもむなしきことばかり　それでもわたしはじっと待つ」 by みつを,,1,3
565958758291890176,相田みつを☆心に響く詩,@mitsuwo_kokoro,2015年2月12日,土の中の水道管・・・,,1,1
565877478917287937,相田みつを☆心に響く詩,@mitsuwo_kokoro,2015年2月12日,そのときの出会いが人生を根底から変えることがある,,,2
565861722494222337,相田みつを☆心に響く詩,@mitsuwo_kokoro,2015年2月12日,おたがいになぁ　不完全　欠点だらけの　にんげんですがね,,1,1
565844955340369920,相田みつを☆心に響く詩,@mitsuwo_kokoro,2015年2月12日,金が人生のすべてではないが　有れば便利　無いと不便です　便利のほうがいいなあ,,1,2
565516387645665280,相田みつを☆心に響く詩,@mitsuwo_kokoro,2015年2月11日,しあわせはいつも自分のこころがきめる,,2,4
565495711509131264,相田みつを☆心に響く詩,@mitsuwo_kokoro,2015年2月11日,トイレ用日めくり　ひとりしずか　みつを　相田みつを作品集より,,1,1
565479419926806530,相田みつを☆心に響く詩,@mitsuwo_kokoro,2015年2月11日,「あのときのあの苦しみも　あのときのあの悲しみも　みんな肥料になったんだなあ」 by みつを,,2,4
565463224435617792,相田みつを☆心に響く詩,@mitsuwo_kokoro,2015年2月11日,「昨日までの自分を否定し　今日の自分に生きる　今日新たに生まれ変わる」 by みつを 感動したらRT！,,3,3
565447414661013504,相田みつを☆心に響く詩,@mitsuwo_kokoro,2015年2月11日,にんげん　一番いやなことは　じぶんがじぶんにうそをいうときだ,,2,3
565431734888857600,相田みつを☆心に響く詩,@mitsuwo_kokoro,2015年2月11日,とにかく具体的に動いてごらん・・・,,2,2
565415313031053313,相田みつを☆心に響く詩,@mitsuwo_kokoro,2015年2月10日,「よくまわっているほどコマはしずかなんだな」 by みつを 感動したらRT！,,1,1
565371777761943552,相田みつを☆心に響く詩,@mitsuwo_kokoro,2015年2月10日,だれにだってあるんだよ　ひとにはいえないくるしみが　だれにだってあるんだよ　ひとひはいえないかなしみが　ただ　だまっているだけなんだよ　いえばぐちになるから #mitsuwo,,2,4
565355369485320193,相田みつを☆心に響く詩,@mitsuwo_kokoro,2015年2月10日,「自分の後ろ姿は　自分じゃ見えねんだなあ」 by みつを,,,
565158111837560832,相田みつを☆心に響く詩,@mitsuwo_kokoro,2015年2月10日,べんかいのうまい人間　あやまりッぷりのいい人間 #mitsuwo,,1,1
565142310510690305,相田みつを☆心に響く詩,@mitsuwo_kokoro,2015年2月10日,なみだで　あらわれるたびに　まなこがふかくなり　うれいがふかくなる #mitsuwo,,,
564872606998732800,相田みつを☆心に響く詩,@mitsuwo_kokoro,2015年2月9日,「おさいせん　百円玉一つ　ぽんと投げて　手を合わす　おねがいことの多いこと」 by みつを 感動したらRT！,,1,1
564776257636683777,相田みつを☆心に響く詩,@mitsuwo_kokoro,2015年2月9日,使ったところが強くなる　頭でもからだでも・・・,,,
564759227852267520,相田みつを☆心に響く詩,@mitsuwo_kokoro,2015年2月9日,願願を持ちましょう　みトイレ用日めくり　ひとりしずか　みつを　相田みつを作品集より,,,
564422293648977920,相田みつを☆心に響く詩,@mitsuwo_kokoro,2015年2月8日,あのねぇ　どんなに上手なべんかいをしてもね　べんかいはやっぱり　べんかいなんだよなぁ,,,
564381042107101184,相田みつを☆心に響く詩,@mitsuwo_kokoro,2015年2月8日,そのままで　いいがな #mitsuwo,,1,1
564349682281742337,相田みつを☆心に響く詩,@mitsuwo_kokoro,2015年2月8日,「アレもコレもほしがるなよ」 by みつを,,1,1
564333501885841408,相田みつを☆心に響く詩,@mitsuwo_kokoro,2015年2月8日,アノネ　がんばんなくてもいいからさ　具体的に動くことだね　みつをトイレ用日めくり　ひとりしずか　みつを　相田みつを作品集より,,1,1
564226292841603074,相田みつを☆心に響く詩,@mitsuwo_kokoro,2015年2月7日,ほんとうのことが　いちばん　いい #mitsuwo,,4,1
564209899270176768,相田みつを☆心に響く詩,@mitsuwo_kokoro,2015年2月7日,後じゃできねんだよなあ　今のことは　今しかできぬ #mitsuwo,,3,1
564193488107868160,相田みつを☆心に響く詩,@mitsuwo_kokoro,2015年2月7日,できない約束はしないことだな,,4,2
564066132051492865,相田みつを☆心に響く詩,@mitsuwo_kokoro,2015年2月7日,一番わかっているようで　一番わからぬこの自分 #mitsuwo,,3,3
564049652551393281,相田みつを☆心に響く詩,@mitsuwo_kokoro,2015年2月7日,おだてられればいい気になるし　わるくちいわれりゃ腹たつわたし #mitsuwo,,1,
564024688297267202,相田みつを☆心に響く詩,@mitsuwo_kokoro,2015年2月7日,あなたがそこにただいるだけで　その場の空気が明るくなる　あなたがそこにただいるだけで #mitsuwo,,,
564008789297213442,相田みつを☆心に響く詩,@mitsuwo_kokoro,2015年2月7日,弱きもの人間　欲深きもの人間　偽り多きもの人間　そして人間の私,,,1
563993340077555712,相田みつを☆心に響く詩,@mitsuwo_kokoro,2015年2月7日,これでいいということはないが　これが今の私の精一杯の姿です #mitsuwo,,2,
563976892072464384,相田みつを☆心に響く詩,@mitsuwo_kokoro,2015年2月7日,「道」　歩くから道になる　歩かなければ草が生える #mitsuwo,,1,
563960594017955841,相田みつを☆心に響く詩,@mitsuwo_kokoro,2015年2月6日,「自分が自分にいやになるとき　金がほしいのにほしくないようなふりをするとき」 by みつを 感動したらRT！,,,1
563944424556601344,相田みつを☆心に響く詩,@mitsuwo_kokoro,2015年2月6日,七転八倒　つまづいたり　ころんだり　するほうが　自然なんだな　にんげんだもの,,,2
563854882658988034,相田みつを☆心に響く詩,@mitsuwo_kokoro,2015年2月6日,無理をしないで　なまけない私は・・・,,,1
563839487059304449,相田みつを☆心に響く詩,@mitsuwo_kokoro,2015年2月6日,めしを喰って静かに息をついていたら　いつの間にか日が暮れて　気がついた時は墓場の中 #mitsuwo,,,
563699034531971072,相田みつを☆心に響く詩,@mitsuwo_kokoro,2015年2月6日,「子供に一首　どのような道をどのように　歩くともいのちいっぱいにいきてればいいぞ」 by みつを,,1,
563682439956942848,相田みつを☆心に響く詩,@mitsuwo_kokoro,2015年2月6日,いいことはおかげさま・・・,,1,1
563422808634433536,相田みつを☆心に響く詩,@mitsuwo_kokoro,2015年2月5日,転んだっていいじゃないか。人間だもの。 #mitsuwo,,,3
563331098394902528,相田みつを☆心に響く詩,@mitsuwo_kokoro,2015年2月5日,感動いっぱい、・・・,,,1
563314593355681794,相田みつを☆心に響く詩,@mitsuwo_kokoro,2015年2月5日,うばいあえば足らぬ　分け合えば余まる #mitsuwo,,,
563060807668621314,相田みつを☆心に響く詩,@mitsuwo_kokoro,2015年2月4日,けれどけれどでなんにもしない　みつをトイレ用日めくり　ひとりしずか　みつを　相田みつを作品集より,,,1
562983339989417984,相田みつを☆心に響く詩,@mitsuwo_kokoro,2015年2月4日,あのときのあの苦しみも　あのときのあの悲しみも　みんな肥料になったんだなあ #mitsuwo,,,3
562966576845307904,相田みつを☆心に響く詩,@mitsuwo_kokoro,2015年2月4日,「弱きもの人間　欲深きもの人間　偽り多きもの人間　そして人間の私」 by みつを,,,1
562950647889534981,相田みつを☆心に響く詩,@mitsuwo_kokoro,2015年2月4日,にんげんだもの　相田みつをより,,,
562709540584833025,相田みつを☆心に響く詩,@mitsuwo_kokoro,2015年2月3日,「めしを喰って静かに息をついていたら　いつの間にか日が暮れて　気がついた時は墓場の中」 by みつを 感動したらRT！,,,
562342089631883264,相田みつを☆心に響く詩,@mitsuwo_kokoro,2015年2月2日,うそはいわない　人にこびない　人のかげぐちはいわぬ　わたしにできぬことばかり #mitsuwo,,1,2
562324990582738944,相田みつを☆心に響く詩,@mitsuwo_kokoro,2015年2月2日,琴の糸　張りすぎてもダメ　たるんでもダメ　ちょうどいいあんばいのときに　ちょうどいいあんばいの音が出る #mitsuwo,,,1
562268915984629760,相田みつを☆心に響く詩,@mitsuwo_kokoro,2015年2月2日,冬心　樹木は風雪の中に他人に見せたくない自分のあるがままの裸をさらす　ひとことも弁解しないで　みつをにんげんだもの　相田みつをより,,,
562253137033973760,相田みつを☆心に響く詩,@mitsuwo_kokoro,2015年2月2日,やれなかった　やらなかった　どっちかな,,1,2
562237723587518465,相田みつを☆心に響く詩,@mitsuwo_kokoro,2015年2月2日,自分の後ろ姿は　自分じゃ見えねんだなあ #mitsuwo,,,
562221828391727104,相田みつを☆心に響く詩,@mitsuwo_kokoro,2015年2月2日,「途中にいるかぎり中ぶらりん　底まで落ちて足が地に着けば　本当に落ち着く」 by みつを,,,
562205448787357696,相田みつを☆心に響く詩,@mitsuwo_kokoro,2015年2月2日,かねも名誉も地位財産もじぶんの外側になんにも求めないときをほんとうの安心という　そういうおまえさん自身に安心があるか #mitsuwo,,1,
562189253614903296,相田みつを☆心に響く詩,@mitsuwo_kokoro,2015年2月2日,「にんげんはねぇ　人から点数をつけられるために　この世に生まれてきたのでないんだよ　にんげんがさき点数はあと」 by みつを 感動したらRT！,,1,
562173621913653248,相田みつを☆心に響く詩,@mitsuwo_kokoro,2015年2月2日,弱きもの人間。欲ふかきもの人間。・・・,,,
562156993805176833,相田みつを☆心に響く詩,@mitsuwo_kokoro,2015年2月1日,うまれかわり死にかわり　永遠の過去のいのちを受け継いで　いま自分の番を生きている　それがあなたのいのちです　それがわたしのいのちです #mitsuwo,,,1
562140971425492993,相田みつを☆心に響く詩,@mitsuwo_kokoro,2015年2月1日,だれうらむことはない　身から出たさびだなあ　みつをトイレ用日めくり　ひとりしずか　みつを　相田みつを作品集より,,,
562124473134903296,相田みつを☆心に響く詩,@mitsuwo_kokoro,2015年2月1日,ともかく具体的に動いてごらん　具体的に動けば具体的な答えが出るから,,,
562108915865772032,相田みつを☆心に響く詩,@mitsuwo_kokoro,2015年2月1日,だれうらむことはない・・・,,,
562092758211371009,相田みつを☆心に響く詩,@mitsuwo_kokoro,2015年2月1日,無理をしないで　なまけない　私は弱い人間だから #mitsuwo,,1,1
562077066858725377,相田みつを☆心に響く詩,@mitsuwo_kokoro,2015年2月1日,セトモノとセトモノとぶつかりっこするとすぐこわれちゃう　どっちかやわらかければ　だいじょうぶ　やわらかいこころセトモノとセトモノとぶつかりっこするとすぐこわれちゃう　どっちかやわらかければ　だいじょうぶ　やわらかいこころを　持ちましょう #mitsuwo,,,3
562061127295578112,相田みつを☆心に響く詩,@mitsuwo_kokoro,2015年2月1日,「あのねぇ　財産　肩書き　地位　名誉　その他　自分についている誇り高き飾り物をみんな落としてすっぱだかになってごらん　人間としての本当の自分がわかるから」 by みつを 感動したらRT！,,,
562044487598223360,相田みつを☆心に響く詩,@mitsuwo_kokoro,2015年2月1日,かんのんさまがみている　ほとけさまがみている　みんなみている　ちゃんとみている　みつをにんげんだもの　相田みつをより,,,
562028513176203264,相田みつを☆心に響く詩,@mitsuwo_kokoro,2015年2月1日,「毎日毎日の足跡が　おのずから人生の答を出す　きれいな足跡には　きれいな水がたまる」 by みつを,,,
562011900527910912,相田みつを☆心に響く詩,@mitsuwo_kokoro,2015年2月1日,そのときの出逢いが　人生を根底から変えることがある　よき出逢いを,,,2
561995650485600256,相田みつを☆心に響く詩,@mitsuwo_kokoro,2015年2月1日,悲しいときは全身で悲しみ　嬉しいときには手放しで喜ぶ　そういう人間で私はありたい #mitsuwo,,,1
561979467552129024,相田みつを☆心に響く詩,@mitsuwo_kokoro,2015年2月1日,毎日少しずつ　それがなかなかできねんだなあ　みつをにんげんだもの　相田みつをより,,,
561962355408379906,相田みつを☆心に響く詩,@mitsuwo_kokoro,2015年2月1日,あいだみつをの心に響く名言さんがフォローしています 子供がついつい笑ってしまうさん、たけしの名言さん、アニメおたくの語り場さんと他7 人,,,
561906153722900480,相田みつを☆心に響く詩,@mitsuwo_kokoro,2015年2月1日,そんかとくか人間のものさし　うそかまことか　佛さまのものさし　みつをトイレ用日めくり　ひとりしずか　みつを　相田みつを作品集より,,,
561890448340291585,相田みつを☆心に響く詩,@mitsuwo_kokoro,2015年2月1日,待ってもむだなことがある　待ってもだめなこともある　待ってもむなしきことばかり　それでもわたしはじっと待つ #mitsuwo,,1,3
561874032610390016,相田みつを☆心に響く詩,@mitsuwo_kokoro,2015年2月1日,いいですか　いくらのろくても　かまいませんよ　たいせつなことはね　いつでも前をむいて　自分の足で自分の道を歩くことですよ　いいですか　どんな大事なものでもね　荷物はみんな捨ててくださいよ　自分のからだも　捨てるんですからね #mitsuwo,,,2
561857650070020096,相田みつを☆心に響く詩,@mitsuwo_kokoro,2015年2月1日,他人の物指し　自分のものさし　それぞれ寸法がちがうんだな,,,1
561841427332620288,相田みつを☆心に響く詩,@mitsuwo_kokoro,2015年2月1日,七転八倒　つまづいたり　ころんだり　するほうが　自然なんだな　にんげんだもの #mitsuwo,,1,1
561825834311245825,相田みつを☆心に響く詩,@mitsuwo_kokoro,2015年2月1日,トマトがねぇトマトのままでいればほんものなんだよ　トマトをメロンにみせようとするからにせものになるんだよ　みんなそれぞれにほんものなのに骨を折ってにせものになりたがる,,2,2
561809937685155841,相田みつを☆心に響く詩,@mitsuwo_kokoro,2015年2月1日,「うまれかわり死にかわり　永遠の過去のいのちを受け継いで　いま自分の番を生きている　それがあなたのいのちです　それがわたしのいのちです」 by みつを,,,
561794053591691264,相田みつを☆心に響く詩,@mitsuwo_kokoro,2015年1月31日,あなたの心がきれいだから　何でもきれいに見えるんだなあ #mitsuwo,,,1
561777799258583040,相田みつを☆心に響く詩,@mitsuwo_kokoro,2015年1月31日,うばい合えば足らぬ　分け合えばあまる,,1,2
561761308752613378,相田みつを☆心に響く詩,@mitsuwo_kokoro,2015年1月31日,けれど　けれどで　なにもしない #mitsuwo,,1,2
561744610871898113,相田みつを☆心に響く詩,@mitsuwo_kokoro,2015年1月31日,なんにも欲しがらぬときが　一番強い,,1,7
561729200424378368,相田みつを☆心に響く詩,@mitsuwo_kokoro,2015年1月31日,自信はなくてうぬぼればかり　はずかしい　はずかしい,,,2
561713235632467968,相田みつを☆心に響く詩,@mitsuwo_kokoro,2015年1月31日,「道は一本　単純でまッ直ぐがいい　何かを欲しがると　欲しがったところが曲がる　道は一本まっすぐがいい」 by みつを 感動したらRT！,,,1
561697252062674944,相田みつを☆心に響く詩,@mitsuwo_kokoro,2015年1月31日,昨日までの自分を否定し　今日の自分に生きる　今日新たに生まれ変わる,,,1
561681960498520066,相田みつを☆心に響く詩,@mitsuwo_kokoro,2015年1月31日,むりをしないで　なまけない　わたしは弱い人間だから #mitsuwo,,1,1
561665543858446336,相田みつを☆心に響く詩,@mitsuwo_kokoro,2015年1月31日,ぐちをこぼしてゆくんだね　なみだをながしてゆくんだね　だれにも気がねはいらぬから　えんりょしなくていいんですよ　ぐちをこぼしてゆくがいい　なみだをながしてゆくがいい #mitsuwo,,2,1
561649049086881792,相田みつを☆心に響く詩,@mitsuwo_kokoro,2015年1月31日,いまはなんにも　いわないほうがいい　語らないほうがいい　つらいだろうが　黙っているほうがいい　いえばべんかいになるから #mitsuwo,,1,2
561633014149427200,相田みつを☆心に響く詩,@mitsuwo_kokoro,2015年1月31日,アノネ　人間にとって一番大事なものはなにか？そこを原点として考えてゆけば #mitsuwo,,,
561616791831445504,相田みつを☆心に響く詩,@mitsuwo_kokoro,2015年1月31日,「「自分の花」　名もない草も実をつける　命いっぱいに自分の花を咲かせて」 by みつを 感動したらRT！,,,
561600346321997824,相田みつを☆心に響く詩,@mitsuwo_kokoro,2015年1月31日,「他人の物指し　自分のものさし　それぞれ寸法がちがうんだな」 by みつを,,3,2
561539711693365249,相田みつを☆心に響く詩,@mitsuwo_kokoro,2015年1月31日,美しいものを美しいと思えるあなたの心が美しい,,2,1
561522895197720576,相田みつを☆心に響く詩,@mitsuwo_kokoro,2015年1月31日,アレもコレもほしがるなよ,,,4
561507424658419713,相田みつを☆心に響く詩,@mitsuwo_kokoro,2015年1月31日,どうでもいいものは　どうでもいいんだよ　いちばん大事なことに　一番大事ないのちをかけてゆくことだ,,1,2
561490591200993280,相田みつを☆心に響く詩,@mitsuwo_kokoro,2015年1月31日,途中にいるかぎり中ぶらりん　底まで落ちて足が地に着けば　本当に落ち着く,,,1
561382767397588992,相田みつを☆心に響く詩,@mitsuwo_kokoro,2015年1月30日,気が小さくて臆病で人のこと気になって三日もねむれぬこともある　おだてられればいい気になるし　わるくちいわれりゃ腹立つわたし　物欲色欲名誉欲　人間はねぇ欲望のかたまりだな　人間のわたし,,2,2
561366308629925888,相田みつを☆心に響く詩,@mitsuwo_kokoro,2015年1月30日,途中にいるかぎり中ぶらりん　底まで落ちて足が地に着けば　本当に落ち着く #mitsuwo,,,
561350603930992640,相田みつを☆心に響く詩,@mitsuwo_kokoro,2015年1月30日,負ける人のおかげで　・・・,,,
561238055676166144,相田みつを☆心に響く詩,@mitsuwo_kokoro,2015年1月30日,背のびする自分　卑下する自分・・・,,,
561180566318362625,相田みつを☆心に響く詩,@mitsuwo_kokoro,2015年1月30日,自信はなくてうぬぼればかり　ああはずかしい　はずかしい　みつをトイレ用日めくり　ひとりしずか　みつを　相田みつを作品集より,,,
561164605720768512,相田みつを☆心に響く詩,@mitsuwo_kokoro,2015年1月30日,めしを喰って静かに息をついていたら　いつの間にか日が暮れて　気がついた時は墓場の中,,,
561148036240257024,相田みつを☆心に響く詩,@mitsuwo_kokoro,2015年1月30日,できない約束はしないことだな　みつをトイレ用日めくり　ひとりしずか　みつを　相田みつを作品集より,,,
561132117078192128,相田みつを☆心に響く詩,@mitsuwo_kokoro,2015年1月30日,人間はねぇ　自分よりも人のほうがよくなると　おもしろくねんだなぁ　人間のわたし,,,2
560885230999846913,相田みつを☆心に響く詩,@mitsuwo_kokoro,2015年1月29日,一生勉強　一生青春,,,1
560807182929637376,相田みつを☆心に響く詩,@mitsuwo_kokoro,2015年1月29日,身近な人の死に逢うたびに　私は人間の命のはかなさにガクゼンとします　この世に人間として生きている尊さを骨身にしみて感じるとき　私には仕事への闘志が湧いてきます #mitsuwo,,,
560790355541364736,相田みつを☆心に響く詩,@mitsuwo_kokoro,2015年1月29日,うそはいわない　人にこびない　人のかげぐちはいわぬ　わたしにできぬことばかり,,,
560774242526973952,相田みつを☆心に響く詩,@mitsuwo_kokoro,2015年1月29日,強がりなんかいうことないよ　やせがまんなどすることないよ　だれにえんりょなんかいるもんか　声をかぎりに泣くがいい　ただひたすらになけばいい #mitsuwo,,1,3
560523909217263616,相田みつを☆心に響く詩,@mitsuwo_kokoro,2015年1月28日,外灯というのは　人のためにつけるんだよな　わたしはどれだけ　外灯をつけられるだろうか #mitsuwo,,1,3
560434356917792768,相田みつを☆心に響く詩,@mitsuwo_kokoro,2015年1月28日,つまづいたっていいじゃないか！人間だもの・・・,,,
560417947798097920,相田みつを☆心に響く詩,@mitsuwo_kokoro,2015年1月28日,「あのねぇ　財産　肩書き　地位　名誉　その他　自分についている誇り高き飾り物をみんな落としてすっぱだかになってごらん　人間としての本当の自分がわかるから」 by みつを,,4,3
560401806727983104,相田みつを☆心に響く詩,@mitsuwo_kokoro,2015年1月28日,体験してはじめて身につくんだなぁ #mitsuwo,,4,4
560172752645001217,相田みつを☆心に響く詩,@mitsuwo_kokoro,2015年1月27日,おさいせん　百円玉一つ　ぽんと投げて　手を合わす　おねがいことの多いこと,,2,2
560156033297825792,相田みつを☆心に響く詩,@mitsuwo_kokoro,2015年1月27日,待ってもむだなことがある　待ってもだめなこともある　待ってもむなしきことばかり　それでもわたしはじっと待つ,,2,3
560063068332244992,相田みつを☆心に響く詩,@mitsuwo_kokoro,2015年1月27日,親切と言う名のおせっかい　そっとしておくおもいやり #mitsuwo,,3,3
559315173656129536,相田みつを☆心に響く詩,@mitsuwo_kokoro,2015年1月25日,正直者は　ばかをみる　だからといってうそばかりも通らない　世の中単純じゃねんだよなあ,,2,2
559299009068560384,相田みつを☆心に響く詩,@mitsuwo_kokoro,2015年1月25日,みつをトイレ用日めくり　ひとりしずか　みつを　相田みつを作品集より,,1,2
559159673073319936,相田みつを☆心に響く詩,@mitsuwo_kokoro,2015年1月24日,琴の糸　張りすぎてもダメ　たるんでもダメ　ちょうどいいあんばいのときに　ちょうどいいあんばいの音が出る,,,
559143269930508289,相田みつを☆心に響く詩,@mitsuwo_kokoro,2015年1月24日,因も変り　縁も変る　なにもかも　みんな変ってゆくんだね　人間関係も変ってゆく世の中　無常だから,,1,2
559126537815871488,相田みつを☆心に響く詩,@mitsuwo_kokoro,2015年1月24日,「一生勉強　一生青春」 by みつを,,2,2
559063340735938560,相田みつを☆心に響く詩,@mitsuwo_kokoro,2015年1月24日,この我執の強さ　この気の弱さ　共に佛さまがわたしに授けてくれたもの　みつをトイレ用日めくり　ひとりしずか　みつを　相田みつを作品集より,,,1
559004840727019521,相田みつを☆心に響く詩,@mitsuwo_kokoro,2015年1月24日,正直者は　ばかをみる　だからといってうそばかりも通らない　世の中単純じゃねんだよなあ #mitsuwo,,,
558988513358540804,相田みつを☆心に響く詩,@mitsuwo_kokoro,2015年1月24日,自身はなくてうぬぼればかり　はずかしい　はずかしい #mitsuwo,,,
558972578123886595,相田みつを☆心に響く詩,@mitsuwo_kokoro,2015年1月24日,あとでやろうと思ってもやれた試しがない　やるならいつでもいまだ #mitsuwo,,1,4
558643582030987268,相田みつを☆心に響く詩,@mitsuwo_kokoro,2015年1月23日,生きているうち　はたらけるうち　日のくれぬうち　みつにんげんだもの　相田みつをよりただいるだけで　あなたがそこにただいるだけでその場の空気があかるくなる　あなたがそこにただいるだけでみんなのこころがやすらぐ　そんなあなたにわたしもなりたい　みつをにんげんだもの　相田みつをより,,,1
558627632552501249,相田みつを☆心に響く詩,@mitsuwo_kokoro,2015年1月23日,人間追いつめられてはじめて本音を吐く　その時どんな本音を吐くかそれが大事 #mitsuwo,1,,2
558611836883312641,相田みつを☆心に響く詩,@mitsuwo_kokoro,2015年1月23日,あとじゃできねんだよなあ・・・,,1,2
558349181249548288,相田みつを☆心に響く詩,@mitsuwo_kokoro,2015年1月22日,使ったところが強くなる　頭でもからだでも　その反対　使わぬところは #mitsuwo,,,
558268040245026816,相田みつを☆心に響く詩,@mitsuwo_kokoro,2015年1月22日,短歌一首　道　かえりみる　ゆとりなけれどともかくも　いのち生かされ歩みきし道　みつをにんげんだもの　相田みつをより,,,
558251583142514688,相田みつを☆心に響く詩,@mitsuwo_kokoro,2015年1月22日,ボロは初めに見せておけ　そうすればいつでも天下泰平だ #mitsuwo,,1,
558235511874015232,相田みつを☆心に響く詩,@mitsuwo_kokoro,2015年1月22日,おてんき　気温紙筆墨　諸々縁に支えられてわたしの仕事はできる　みつをにんげんだもの　相田みつをより,,,
557986994534367234,相田みつを☆心に響く詩,@mitsuwo_kokoro,2015年1月21日,どのような道を歩くとも・・・,,,
557901922406268930,相田みつを☆心に響く詩,@mitsuwo_kokoro,2015年1月21日,「おたがいになぁ　不完全　欠点だらけの　にんげんですがね」 by みつを 感動したらRT！,,,1
557886413992390656,相田みつを☆心に響く詩,@mitsuwo_kokoro,2015年1月21日,「道」　歩くから道になる　歩かなければ草が生える #mitsuwo,,2,3
557870316597555201,相田みつを☆心に響く詩,@mitsuwo_kokoro,2015年1月21日,金が人生のすべてではないが　有れば便利　無いと不便です　便利のほうがいいなあ #mitsuwo,,1,2
557622765076094978,相田みつを☆心に響く詩,@mitsuwo_kokoro,2015年1月20日,弱きもの人間　欲深きもの人間　偽り多きもの人間　そして人間の私,,,3
557529624326844416,相田みつを☆心に響く詩,@mitsuwo_kokoro,2015年1月20日,そのうち　そのうち　べんかいしながら　日がくれる #mitsuwo,,,2
557512558362370049,相田みつを☆心に響く詩,@mitsuwo_kokoro,2015年1月20日,うそはいわない　人にこびない　人のかげぐちはいわぬ　わたしにできぬことばかり #mitsuwo,,1,
557271082550296578,相田みつを☆心に響く詩,@mitsuwo_kokoro,2015年1月19日,おたがいになぁ　不完全　欠点だらけの　にんげんですがね #mitsuwo,,,2
557166066841829378,相田みつを☆心に響く詩,@mitsuwo_kokoro,2015年1月19日,一生燃焼　一生感動　一生不悟,,,1
557149911704035329,相田みつを☆心に響く詩,@mitsuwo_kokoro,2015年1月19日,自分の番　うまれかわり死にかわり永遠の過去のいのちを受けついで　いま自分の番を生きている　それがあなたのいのちです　それがわたしのいのちです　みつをにんげんだもの　相田みつをより,,,2
556907791189676032,相田みつを☆心に響く詩,@mitsuwo_kokoro,2015年1月18日,ぐちをこぼしてゆくんだね　なみだをながしてゆくんだね　だれにも気がねはいらぬから　えんりょしなくていいんですよ　ぐちをこぼしてゆくがいい　なみだをながしてゆくがいい,1,,1
556810025604096004,相田みつを☆心に響く詩,@mitsuwo_kokoro,2015年1月18日,短歌一首　道　かえりみる　ゆとりなけれどともかくも　いのち生かされ歩みきし道　みつをにんげんだもの　相田みつをより,,,
556793192423501824,相田みつを☆心に響く詩,@mitsuwo_kokoro,2015年1月18日,ともかく具体的に動いてごらん　具体的に動けば具体的な答えが出るから,,2,3
556777560353161216,相田みつを☆心に響く詩,@mitsuwo_kokoro,2015年1月18日,幸せはいつも・・・,,,1
556761252949532673,相田みつを☆心に響く詩,@mitsuwo_kokoro,2015年1月18日,「アレもコレもほしがるなよ」 by みつを,,,1
556618915036405760,相田みつを☆心に響く詩,@mitsuwo_kokoro,2015年1月17日,土の中の水道管　高いビルの下の下水　大事なものは表に出ない #mitsuwo,,,
556603432602046464,相田みつを☆心に響く詩,@mitsuwo_kokoro,2015年1月17日,どうでもいいものは　どうでもいいんだよ　いちばん大事なことに　一番大事ないのちをかけてゆくことだ,,,
556471566200893440,相田みつを☆心に響く詩,@mitsuwo_kokoro,2015年1月17日,べんかいのうまい人間　あやまりッぷりのいい人間 #mitsuwo,,,
556455148940038146,相田みつを☆心に響く詩,@mitsuwo_kokoro,2015年1月17日,美しいものを美しいと思えるあなたの心が美しい,,1,1
556339908038496256,相田みつを☆心に響く詩,@mitsuwo_kokoro,2015年1月16日,めしを喰って静かに息をついていたら　いつの間にか日が暮れて　気がついた時は墓場の中 #mitsuwo,,,
556324003866873856,相田みつを☆心に響く詩,@mitsuwo_kokoro,2015年1月16日,我慢をするんだよ　我慢をするんだよ　悔しいだろうがね　そこを我慢するんだよ,,,2
556307323577065472,相田みつを☆心に響く詩,@mitsuwo_kokoro,2015年1月16日,「昨日までの自分を否定し　今日の自分に生きる　今日新たに生まれ変わる」 by みつを 感動したらRT！,,,
556291005142405122,相田みつを☆心に響く詩,@mitsuwo_kokoro,2015年1月16日,なんでもいいんだともかく一生懸命やってみることだ　いのちがけでやってみることだそうすれば　人間の不完全さがよくわかる　自分の至らなさが骨身に沁みてよくわかる　頭でなくてからだ全体でよくわかる #mitsuwo,,1,2
556274254178570240,相田みつを☆心に響く詩,@mitsuwo_kokoro,2015年1月16日,毎日毎日の足跡が　おのずから人生の答を出す　きれいな足跡には　きれいな水がたまる #mitsuwo,,1,2
556258003955904513,相田みつを☆心に響く詩,@mitsuwo_kokoro,2015年1月16日,いまここに　だれともくらべない はだかのにんげん　わたしがいます #mitsuwo,,3,2
556237475912220672,相田みつを☆心に響く詩,@mitsuwo_kokoro,2015年1月16日,「金が人生のすべてではないが　有れば便利　無いと不便です　便利のほうがいいなあ」 by みつを 感動したらRT！,,,1
556221189534662656,相田みつを☆心に響く詩,@mitsuwo_kokoro,2015年1月16日,アノネ　人間にとって一番大事なものはなにか？そこを原点として考えてゆけば #mitsuwo,,,
556205501101264896,相田みつを☆心に響く詩,@mitsuwo_kokoro,2015年1月16日,ビリがいるから１位がいる #mitsuwo,,,2
556189436405231616,相田みつを☆心に響く詩,@mitsuwo_kokoro,2015年1月16日,他人の物指し　自分のものさし　それぞれ寸法がちがうんだな #mitsuwo,,1,
556082469712064512,相田みつを☆心に響く詩,@mitsuwo_kokoro,2015年1月16日,だれうらむことはない　身から出たさびだなあ　みつをトイレ用日めくり　ひとりしずか　みつを　相田みつを作品集より,,,1
556066508925710336,相田みつを☆心に響く詩,@mitsuwo_kokoro,2015年1月16日,「自分の後ろ姿は　自分じゃ見えねんだなあ」 by みつを,,,2
555717337408491520,相田みつを☆心に響く詩,@mitsuwo_kokoro,2015年1月15日,ふるいものを出さなければ　あたらしいものは入らない　みつをトイレ用日めくり　ひとりしずか　みつを　相田みつを作品集より,,,
555701120706691072,相田みつを☆心に響く詩,@mitsuwo_kokoro,2015年1月15日,うそはいわない　人にこびない　人のかげぐちはいわぬ　わたしにできぬことばかり,,1,2
555462980981125120,相田みつを☆心に響く詩,@mitsuwo_kokoro,2015年1月14日,使ったところが強くなる　頭でもからだでも・・・,,,1
555446132654886912,相田みつを☆心に響く詩,@mitsuwo_kokoro,2015年1月14日,トマトがねぇトマトのままでいればほんものなんだよ　トマトをメロンにみせようとするからにせものになるんだよ　みんなそれぞれにほんものなのに骨を折ってにせものになりたがる,,1,1
555358627725197313,相田みつを☆心に響く詩,@mitsuwo_kokoro,2015年1月14日,毎日少しずつ・・・,,,1
555342116755218433,相田みつを☆心に響く詩,@mitsuwo_kokoro,2015年1月14日,無理をしないで　なまけない私は・・・,,,
555097029521596416,相田みつを☆心に響く詩,@mitsuwo_kokoro,2015年1月13日,ぐちをこぼしてゆくんだね　なみだをながしてゆくんだね　だれにも気がねはいらぬから　えんりょしなくていいんですよ　ぐちをこぼしてゆくがいい　なみだをながしてゆくがいい #mitsuwo,,1,1
555007199563374592,相田みつを☆心に響く詩,@mitsuwo_kokoro,2015年1月13日,おてんき　気温紙筆墨　諸々縁に支えられてわたしの仕事はできる　みつをにんげんだもの　相田みつをより,,,
554991494843473920,相田みつを☆心に響く詩,@mitsuwo_kokoro,2015年1月13日,他人の物指し　自分のものさし　それぞれ寸法がちがうんだな,,1,3
554635795445710849,相田みつを☆心に響く詩,@mitsuwo_kokoro,2015年1月12日,身近な人の死に逢うたびに　私は人間の命のはかなさにガクゼンとします　この世に人間として生きている尊さを骨身にしみて感じるとき　私には仕事への闘志が湧いてきます #mitsuwo,,1,
554619634490413056,相田みつを☆心に響く詩,@mitsuwo_kokoro,2015年1月12日,「あのときのあの苦しみも　あのときのあの悲しみも　みんな肥料になったんだなあ」 by みつを 感動したらRT！,,,
554551077308076032,相田みつを☆心に響く詩,@mitsuwo_kokoro,2015年1月12日,なんにも欲しがらぬときが　一番強い,,1,2
554535151288332288,相田みつを☆心に響く詩,@mitsuwo_kokoro,2015年1月11日,やり直しのきかない人生　待った無しの命 #mitsuwo,,,
554518367080415233,相田みつを☆心に響く詩,@mitsuwo_kokoro,2015年1月11日,子供に一首　どのような道をどのように　歩くともいのちいっぱいにいきてればいいぞ #mitsuwo,,,
554450222802153473,相田みつを☆心に響く詩,@mitsuwo_kokoro,2015年1月11日,尊きものは遺産ではなくて　そのために流された先人の汗である #mitsuwo,,1,
554434349936832512,相田みつを☆心に響く詩,@mitsuwo_kokoro,2015年1月11日,あんなにしてやったのに　「のに」がつくとぐちがでる,,1,
554418381143556096,相田みつを☆心に響く詩,@mitsuwo_kokoro,2015年1月11日,アレもコレもほしがるなよ #mitsuwo,,,
554401654426968064,相田みつを☆心に響く詩,@mitsuwo_kokoro,2015年1月11日,けれどけれどでなんにもしない　みつをトイレ用日めくり　ひとりしずか　みつを　相田みつを作品集より,,,1
554300341286494209,相田みつを☆心に響く詩,@mitsuwo_kokoro,2015年1月11日,どんな仕事でも　徹すればかならず　生きられるものです #mitsuwo,,1,1
554284597429551105,相田みつを☆心に響く詩,@mitsuwo_kokoro,2015年1月11日,「毎日毎日の足跡が　おのずから人生の答を出す　きれいな足跡には　きれいな水がたまる」 by みつを,,1,2
554267938694254592,相田みつを☆心に響く詩,@mitsuwo_kokoro,2015年1月11日,雨の日には雨の中を　風の日には風の中を #mitsuwo,,1,1
554252373372067841,相田みつを☆心に響く詩,@mitsuwo_kokoro,2015年1月11日,「にんげんはねぇ　人から点数をつけられるために　この世に生まれてきたのでないんだよ　にんげんがさき点数はあと」 by みつを 感動したらRT！,,1,
554236666345312256,相田みつを☆心に響く詩,@mitsuwo_kokoro,2015年1月11日,「使ったところが強くなる　頭でもからだでも　その反対　使わぬところは」 by みつを,,1,1
554220781698158592,相田みつを☆心に響く詩,@mitsuwo_kokoro,2015年1月11日,花には人間のようなかけひきがないからいい　ただ咲いてだた散ってゆくからいい　ただになれない人間のわたし　みつをトイレ用日めくり　ひとりしずか　みつを　相田みつを作品集より,1,,1
554122473801658368,相田みつを☆心に響く詩,@mitsuwo_kokoro,2015年1月10日,「七転八倒　つまづいたり　ころんだり　するほうが　自然なんだな　にんげんだもの」 by みつを,,1,
554106284853587969,相田みつを☆心に響く詩,@mitsuwo_kokoro,2015年1月10日,途中にいるかぎり中ぶらりん　底まで落ちて足が地に着けば　本当に落ち着く,,1,
554090506234257408,相田みつを☆心に響く詩,@mitsuwo_kokoro,2015年1月10日,外灯というのは　人のためにつけるんだよな　わたしはどれだけ　外灯をつけられるだろうか,,,
554074195672330241,相田みつを☆心に響く詩,@mitsuwo_kokoro,2015年1月10日,歩くから道になる　歩かなければ草が生える,,,
553935151462232064,相田みつを☆心に響く詩,@mitsuwo_kokoro,2015年1月10日,七転八倒　つまづいたり　ころんだり　するほうが　自然なんだな　にんげんだもの #mitsuwo,,2,1
553919053618630656,相田みつを☆心に響く詩,@mitsuwo_kokoro,2015年1月10日,あのねぇ　財産　肩書き　地位　名誉　その他　自分についている誇り高き飾り物をみんな落としてすっぱだかになってごらん　人間としての本当の自分がわかるから,,,1
553902812799578112,相田みつを☆心に響く詩,@mitsuwo_kokoro,2015年1月10日,ともかく具体的に動いてごらん　具体的に動けば具体的な答えが出るから #mitsuwo,,,3
553886993482932225,相田みつを☆心に響く詩,@mitsuwo_kokoro,2015年1月10日,おなじやるならば　本腰入れてやってごらん　そのほうが　つかれないでたのしいから #mitsuwo,,,1
553870655335038976,相田みつを☆心に響く詩,@mitsuwo_kokoro,2015年1月10日,うまれかわり死にかわり　永遠の過去のいのちを受け継いで　いま自分の番を生きている　それがあなたのいのちです　それがわたしのいのちです,,1,1
553855051383332865,相田みつを☆心に響く詩,@mitsuwo_kokoro,2015年1月10日,「歩くから道になる　歩かなければ草が生える」 by みつを,,,1
553838407646855168,相田みつを☆心に響く詩,@mitsuwo_kokoro,2015年1月10日,うばい合えば足らぬ　分け合えばあまる,,,
553785730091073537,相田みつを☆心に響く詩,@mitsuwo_kokoro,2015年1月9日,使ったところが強くなる　頭でもからだでも　その反対　使わぬところは #mitsuwo,,,
553770181747437568,相田みつを☆心に響く詩,@mitsuwo_kokoro,2015年1月9日,気が小さくて臆病で人のこと気になって三日もねむれぬこともある　おだてられればいい気になるし　わるくちいわれりゃ腹立つわたし　物欲色欲名誉欲　人間はねぇ欲望のかたまりだな　人間のわたし #mitsuwo,,1,1
553753273639792640,相田みつを☆心に響く詩,@mitsuwo_kokoro,2015年1月9日,後じゃできねんだよなあ　今のことは　今しかできぬ #mitsuwo,,1,1
553737109228380160,相田みつを☆心に響く詩,@mitsuwo_kokoro,2015年1月9日,「途中にいるかぎり中ぶらりん　底まで落ちて足が地に着けば　本当に落ち着く」 by みつを,,,
553721261281402880,相田みつを☆心に響く詩,@mitsuwo_kokoro,2015年1月9日,うばいあえば足らぬ　分け合えば余まる #mitsuwo,,,1
553704759132057600,相田みつを☆心に響く詩,@mitsuwo_kokoro,2015年1月9日,なんにも欲しがらぬときが　一番強い #mitsuwo,,,
553560263140466689,相田みつを☆心に響く詩,@mitsuwo_kokoro,2015年1月9日,人間はねぇ　自分よりも人のほうがよくなると　おもしろくねんだなぁ　人間のわたし,,,
553543392034951168,相田みつを☆心に響く詩,@mitsuwo_kokoro,2015年1月9日,その人にはウソが言えない　その人はあなたの大事な仏さま #mitsuwo,,,
553526939823001601,相田みつを☆心に響く詩,@mitsuwo_kokoro,2015年1月9日,「土の中の水道管　高いビルの下の下水　大事なものは表に出ない」 by みつを,,,
553275565625450497,相田みつを☆心に響く詩,@mitsuwo_kokoro,2015年1月8日,みかんには みかんの味があり りんごには りんごの美しさがある　しあわせは　いつもじぶんのこころが　きめる,,2,
553179960689442816,相田みつを☆心に響く詩,@mitsuwo_kokoro,2015年1月8日,そのときの出逢いが　人生を根底から変えることがある　よき出逢いを,,1,
553163945914007552,相田みつを☆心に響く詩,@mitsuwo_kokoro,2015年1月8日,「どうでもいいものは　どうでもいいんだよ　いちばん大事なことに　一番大事ないのちをかけてゆくことだ」 by みつを,,1,
552819513817710594,相田みつを☆心に響く詩,@mitsuwo_kokoro,2015年1月7日,よくまわっているほどコマはしずかなんだな,,,
552802646235422722,相田みつを☆心に響く詩,@mitsuwo_kokoro,2015年1月7日,「あのときのあの苦しみも　あのときのあの悲しみも　みんな肥料になったんだなあ」 by みつを,,1,2
552462817669185536,相田みつを☆心に響く詩,@mitsuwo_kokoro,2015年1月6日,いのちの根　なみだをこらえて　かなしみにたえるとき　ぐちをいわずにくるしみにたえるとき　いいわけをしないでだまって批判にたえるとき　いかりをおさえてじっと屈辱にたえるとき　あなたの眼のいろがふかくなり　いのちの根がふかくなる　みつをにんげんだもの　相田みつをより,,2,2
552447063624253443,相田みつを☆心に響く詩,@mitsuwo_kokoro,2015年1月6日,かんのんさまは　どうして　こんなにしずかなの　かなしみに　たえた人だから　どうしてこんなに　やさしいの　ひとの世の　くるしみに　一番泣いた方　だから,,,1
552431576395833344,相田みつを☆心に響く詩,@mitsuwo_kokoro,2015年1月6日,いまはなんにも　いわないほうがいい　語らないほうがいい　つらいだろうが　黙っているほうがいい　いえばべんかいになるから #mitsuwo,,1,
552185948650237953,相田みつを☆心に響く詩,@mitsuwo_kokoro,2015年1月5日,うまれかわり死にかわり　永遠の過去のいのちを受け継いで　いま自分の番を生きている　それがあなたのいのちです　それがわたしのいのちです #mitsuwo,,1,
552079889025609728,相田みつを☆心に響く詩,@mitsuwo_kokoro,2015年1月5日,昨日までの自分を否定し　今日の自分に生きる　今日新たに生まれ変わる #mitsuwo,,1,
552063827559211008,相田みつを☆心に響く詩,@mitsuwo_kokoro,2015年1月5日,やりなおしが　きかねんだなぁ　人生というものは,,2,3
552047234376679424,相田みつを☆心に響く詩,@mitsuwo_kokoro,2015年1月5日,つまづいたっていいじゃないか　にんげんだもの #mitsuwo,,,
552030348935041024,相田みつを☆心に響く詩,@mitsuwo_kokoro,2015年1月5日,アノネ　ひとのことじゃないんだよ　じぶんのことだよ #mitsuwo,,,
552013966365319168,相田みつを☆心に響く詩,@mitsuwo_kokoro,2015年1月5日,みつをトイレ用日めくり　ひとりしずか　みつを　相田みつを作品集より,,,
551959098342637569,相田みつを☆心に響く詩,@mitsuwo_kokoro,2015年1月4日,セトモノとセトモノとぶつかりっこするとすぐこわれちゃう　どっちかやわらかければ　だいじょうぶ　やわらかいこころセトモノとセトモノとぶつかりっこするとすぐこわれちゃう　どっちかやわらかければ　だいじょうぶ　やわらかいこころを　持ちましょう #mitsuwo,,1,2
551938256762195970,相田みつを☆心に響く詩,@mitsuwo_kokoro,2015年1月4日,おさいせん　百円玉一つ　ぽんと投げて　手を合わす　おねがいことの多いこと,,,
551921534344781824,相田みつを☆心に響く詩,@mitsuwo_kokoro,2015年1月4日,おだてられればいい気になるし　わるくちいわれりゃ腹たつわたし #mitsuwo,,1,
551815903730348032,相田みつを☆心に響く詩,@mitsuwo_kokoro,2015年1月4日,人生の的　ふたつあったらまようよな　ひとつならまようことがない　人生の的はひとつがいい #mitsuwo,,,1
551753954149666816,相田みつを☆心に響く詩,@mitsuwo_kokoro,2015年1月4日,よくまわっているほどコマはしずかなんだな #mitsuwo,,,
551738027643392000,相田みつを☆心に響く詩,@mitsuwo_kokoro,2015年1月4日,けれど　けれどで　なにもしない #mitsuwo,,,
551722012083642368,相田みつを☆心に響く詩,@mitsuwo_kokoro,2015年1月4日,「人間はねぇ　自分よりも人のほうがよくなると　おもしろくねんだなぁ　人間のわたし」 by みつを,,,
551706093311635456,相田みつを☆心に響く詩,@mitsuwo_kokoro,2015年1月4日,いまが大事,,,3
551690338465640451,相田みつを☆心に響く詩,@mitsuwo_kokoro,2015年1月4日,「おたがいになぁ　不完全　欠点だらけの　にんげんですがね」 by みつを 感動したらRT！,,,
551674582453608449,相田みつを☆心に響く詩,@mitsuwo_kokoro,2015年1月4日,生きているうち　働けるうち　日の暮れぬうち #mitsuwo,,,
551658312161189888,相田みつを☆心に響く詩,@mitsuwo_kokoro,2015年1月4日,なみだで　あらわれるたびに　まなこがふかくなり　うれいがふかくなる #mitsuwo,,,
551641914454192129,相田みつを☆心に響く詩,@mitsuwo_kokoro,2015年1月3日,できない約束はしないことだな #mitsuwo,,2,3
551377445157208064,相田みつを☆心に響く詩,@mitsuwo_kokoro,2015年1月3日,琴の糸　張りすぎてもダメ　たるんでもダメ　ちょうどいいあんばいのときに　ちょうどいいあんばいの音が出る #mitsuwo,,,1
551360792839208960,相田みつを☆心に響く詩,@mitsuwo_kokoro,2015年1月3日,我慢をするんだよ　我慢をするんだよ　悔しいだろうがね　そこを我慢するんだよ #mitsuwo,,1,2
551344168761434112,相田みつを☆心に響く詩,@mitsuwo_kokoro,2015年1月3日,体験してはじめて身につくんだなぁ #mitsuwo,,,
551328070527770624,相田みつを☆心に響く詩,@mitsuwo_kokoro,2015年1月3日,「昨日までの自分を否定し　今日の自分に生きる　今日新たに生まれ変わる」 by みつを,,1,
551220430917226498,相田みつを☆心に響く詩,@mitsuwo_kokoro,2015年1月2日,自身はなくてうぬぼればかり　はずかしい　はずかしい #mitsuwo,,1,
551203892168359936,相田みつを☆心に響く詩,@mitsuwo_kokoro,2015年1月2日,「一生勉強　一生青春」 by みつを,,1,
551187298482540544,相田みつを☆心に響く詩,@mitsuwo_kokoro,2015年1月2日,子供に一首　どのような道をどのように　歩くともいのちいっぱいにいきてればいいぞ,,1,1
551170714120646656,相田みつを☆心に響く詩,@mitsuwo_kokoro,2015年1月2日,これでいいということはないが・・・,,,
551042225753161728,相田みつを☆心に響く詩,@mitsuwo_kokoro,2015年1月2日,おたがいになぁ　不完全　欠点だらけの　にんげんですがね,,1,1
551025958640050176,相田みつを☆心に響く詩,@mitsuwo_kokoro,2015年1月2日,生きているうち　はたらけるうち　日のくれぬうち　みつにんげんだもの　相田みつをよりただいるだけで　あなたがそこにただいるだけでその場の空気があかるくなる　あなたがそこにただいるだけでみんなのこころがやすらぐ　そんなあなたにわたしもなりたい　みつをにんげんだもの　相田みつをより,,,
551009915641163779,相田みつを☆心に響く詩,@mitsuwo_kokoro,2015年1月2日,美しいものを美しいと思えるあなたの心が美しい #mitsuwo,,,2
550993450447802368,相田みつを☆心に響く詩,@mitsuwo_kokoro,2015年1月2日,トイレ用日めくり　ひとりしずか　みつを　相田みつを作品集より,,,
550845461645385729,相田みつを☆心に響く詩,@mitsuwo_kokoro,2015年1月1日,親切と言う名のおせっかい　そっとしておくおもいやり #mitsuwo,,3,4
550828973333041152,相田みつを☆心に響く詩,@mitsuwo_kokoro,2015年1月1日,がまんをするんだよ　がまんをするんだよ　くやしいだろうがね　そこをがまんをするんだよ　そうすれば　人のかなしみやくるしみがよくわかってくるから,,2,1
550812623193645056,相田みつを☆心に響く詩,@mitsuwo_kokoro,2015年1月1日,「身近な人の死に逢うたびに　私は人間の命のはかなさにガクゼンとします　この世に人間として生きている尊さを骨身にしみて感じるとき　私には仕事への闘志が湧いてきます」 by みつを,,,
550635787813785600,相田みつを☆心に響く詩,@mitsuwo_kokoro,2015年1月1日,いまが大事 #mitsuwo,,,
550619901262450688,相田みつを☆心に響く詩,@mitsuwo_kokoro,2015年1月1日,身からでたサビだなあ　身に覚えがあるよ #mitsuwo,,,
550581684114952193,相田みつを☆心に響く詩,@mitsuwo_kokoro,2015年1月1日,「使ったところが強くなる　頭でもからだでも　その反対　使わぬところは」 by みつを 感動したらRT！,,,
550565881831387136,相田みつを☆心に響く詩,@mitsuwo_kokoro,2015年1月1日,ほんとうのことが　いちばん　いい #mitsuwo,,,
550549035803615233,相田みつを☆心に響く詩,@mitsuwo_kokoro,2014年12月31日,後じゃできねんだよなあ　今のことは　今しかできぬ,,,
550515391911305216,相田みつを☆心に響く詩,@mitsuwo_kokoro,2014年12月31日,「あのねぇ　財産　肩書き　地位　名誉　その他　自分についている誇り高き飾り物をみんな落としてすっぱだかになってごらん　人間としての本当の自分がわかるから」 by みつを,,,
550499142795948032,相田みつを☆心に響く詩,@mitsuwo_kokoro,2014年12月31日,とにかく具体的に動いてごらん・・・,,,
550464989048238080,相田みつを☆心に響く詩,@mitsuwo_kokoro,2014年12月31日,おさいせん　百円玉一つ　ぽんと投げて　手を合わす　おねがいことの多いこと #mitsuwo,,,1
550449538243104769,相田みつを☆心に響く詩,@mitsuwo_kokoro,2014年12月31日,つまづいたっていいじゃないか！人間だもの・・・,,,1
550433794151305216,相田みつを☆心に響く詩,@mitsuwo_kokoro,2014年12月31日,柔道の基本は受身　受身とはころぶ練習・・・,,,
550417802171936769,相田みつを☆心に響く詩,@mitsuwo_kokoro,2014年12月31日,自分の花　名もない草も実をつける　いのちいっぱい自分の花を咲かせて #mitsuwo,,,
550308274256355329,相田みつを☆心に響く詩,@mitsuwo_kokoro,2014年12月31日,「負ける人のおかげで　勝てるんだよな」 by みつを,,1,2
550291485325668352,相田みつを☆心に響く詩,@mitsuwo_kokoro,2014年12月31日,悲しいときは全身で悲しみ　嬉しいときには手放しで喜ぶ　そういう人間で私はありたい,,,1
550275814655148032,相田みつを☆心に響く詩,@mitsuwo_kokoro,2014年12月31日,弱きもの人間　欲深きもの人間　偽り多きもの人間　そして人間の私 #mitsuwo,,2,
549209514889576451,相田みつを☆心に響く詩,@mitsuwo_kokoro,2014年12月28日,「めしを喰って静かに息をついていたら　いつの間にか日が暮れて　気がついた時は墓場の中」 by みつを 感動したらRT！,,,
549193234799292416,相田みつを☆心に響く詩,@mitsuwo_kokoro,2014年12月28日,あたらしい門出をする者には新しい道がひらける,,,
549176704933957633,相田みつを☆心に響く詩,@mitsuwo_kokoro,2014年12月28日,土の中の水道管・・・,,,
548842500874440704,相田みつを☆心に響く詩,@mitsuwo_kokoro,2014年12月27日,あなたにめぐり逢えて本当によかった　一人でもいい　心からそう言ってくれる人があれば #mitsuwo,,1,2
548649901635022848,相田みつを☆心に響く詩,@mitsuwo_kokoro,2014年12月26日,負ける人のおかげで　・・・,,,
548634283175202816,相田みつを☆心に響く詩,@mitsuwo_kokoro,2014年12月26日,あとでやろうと思っても・・・,,,
548618018171809792,相田みつを☆心に響く詩,@mitsuwo_kokoro,2014年12月26日,アノネ　がんばんなくてもいいからさ　具体的に動くことだね　みつをトイレ用日めくり　ひとりしずか　みつを　相田みつを作品集より,,,
548496569578700800,相田みつを☆心に響く詩,@mitsuwo_kokoro,2014年12月26日,わかってたまるか　人に踏まれてばかりいる　雑草のくるしみが #mitsuwo,,,
548480458099404801,相田みつを☆心に響く詩,@mitsuwo_kokoro,2014年12月26日,「あのねぇ　どんなに上手なべんかいをしてもね　べんかいはやっぱり　べんかいなんだよなぁ」 by みつを 感動したらRT！,,,
548463922802462721,相田みつを☆心に響く詩,@mitsuwo_kokoro,2014年12月26日,考えてばかりいると　日が暮れちゃうよ #mitsuwo,,1,
548447258199326720,相田みつを☆心に響く詩,@mitsuwo_kokoro,2014年12月26日,だれうらむことはない　身から出たさびだなぁ #mitsuwo,,,
548214285071941632,相田みつを☆心に響く詩,@mitsuwo_kokoro,2014年12月25日,「「自分の花」　名もない草も実をつける　命いっぱいに自分の花を咲かせて」 by みつを 感動したらRT！,,,
548197850673201152,相田みつを☆心に響く詩,@mitsuwo_kokoro,2014年12月25日,ともかくも　生かされてきて　命あり #mitsuwo,,1,1
548114683593367553,相田みつを☆心に響く詩,@mitsuwo_kokoro,2014年12月25日,ビリがいるから１位がいる,,,
548098867170791427,相田みつを☆心に響く詩,@mitsuwo_kokoro,2014年12月25日,おまえさんないま一体何が一番欲しい・・・,,,
547839471048077312,相田みつを☆心に響く詩,@mitsuwo_kokoro,2014年12月24日,待ってもむだなことがある　待ってもだめなこともある　待ってもむなしきことばかり　それでもわたしはじっと待つ,,,
547761648744685568,相田みつを☆心に響く詩,@mitsuwo_kokoro,2014年12月24日,「おさいせん　百円玉一つ　ぽんと投げて　手を合わす　おねがいことの多いこと」 by みつを 感動したらRT！,,,
547745567040753668,相田みつを☆心に響く詩,@mitsuwo_kokoro,2014年12月24日,めしを喰って静かに息をついていたら　いつの間にか日が暮れて　気がついた時は墓場の中,,,
547729341979717633,相田みつを☆心に響く詩,@mitsuwo_kokoro,2014年12月24日,アノネ　にんげんはねぇ　自分の意志でこの世に産まれてきたわけじゃねんだな　だからね自分の意志で勝手に死んではいけねんだよ #mitsuwo,,,
547486744556228608,相田みつを☆心に響く詩,@mitsuwo_kokoro,2014年12月23日,強がりなんかいうことないよ　やせがまんなどすることないよ　だれにえんりょなんかいるもんか　声をかぎりに泣くがいい　ただひたすらになけばいい #mitsuwo,,,1
547364998196899841,相田みつを☆心に響く詩,@mitsuwo_kokoro,2014年12月23日,一生勉強　一生青春 #mitsuwo,,,
547349037947428864,相田みつを☆心に響く詩,@mitsuwo_kokoro,2014年12月23日,きれいな玄関と床の間だけじゃ生活できねんだよなあ　みつをトイレ用日めくり　ひとりしずか　みつを　相田みつを作品集より,,,
547333141854027776,相田みつを☆心に響く詩,@mitsuwo_kokoro,2014年12月23日,アノネ　仕事はなんでもいい　ただひたすら　じぶんの仕事に打ち込んでいる姿はみんなすばらしい #mitsuwo,,,
547316841027088384,相田みつを☆心に響く詩,@mitsuwo_kokoro,2014年12月23日,そのままでいいがな,,1,
547299662399418368,相田みつを☆心に響く詩,@mitsuwo_kokoro,2014年12月22日,人間追いつめられてはじめて本音を吐く　その時どんな本音を吐くかそれが大事,,2,1
547248200034160640,相田みつを☆心に響く詩,@mitsuwo_kokoro,2014年12月22日,どのような道を歩くとも・・・,,,
547232467246018560,相田みつを☆心に響く詩,@mitsuwo_kokoro,2014年12月22日,あとじゃできねんだよなあ・・・,,,
547052277005946881,相田みつを☆心に響く詩,@mitsuwo_kokoro,2014年12月22日,「道」　歩くから道になる　歩かなければ草が生える #mitsuwo,,,
547035705675755520,相田みつを☆心に響く詩,@mitsuwo_kokoro,2014年12月22日,あのねぇ　どんなに上手なべんかいをしてもね　べんかいはやっぱり　べんかいなんだよなぁ #mitsuwo,,1,1
547019924338507777,相田みつを☆心に響く詩,@mitsuwo_kokoro,2014年12月22日,自分の花　名もない草も実をつける　いのちいっぱい自分の花を咲かせて,,,
547003391746904064,相田みつを☆心に響く詩,@mitsuwo_kokoro,2014年12月22日,あんなにしてやったのに『のに』がつくとぐちが出る　みつをトイレ用日めくり　ひとりしずか　みつを　相田みつを作品集より,,,
546761186788638720,相田みつを☆心に響く詩,@mitsuwo_kokoro,2014年12月21日,うそはいわない　こころにきめてうそをいう　みつをにんげんだもの　相田みつをより,,,
546666921794355201,相田みつを☆心に響く詩,@mitsuwo_kokoro,2014年12月21日,自分の後ろ姿は　自分じゃ見えねんだなあ #mitsuwo,,,
546651000375742464,相田みつを☆心に響く詩,@mitsuwo_kokoro,2014年12月21日,悲しいときは全身で悲しみ　嬉しいときには手放しで喜ぶ　そういう人間で私はありたい #mitsuwo,,,
546634781555838976,相田みつを☆心に響く詩,@mitsuwo_kokoro,2014年12月21日,うつくしいものを美しいと思える　あなたの心が美しい #mitsuwo,,,
546618755682283520,相田みつを☆心に響く詩,@mitsuwo_kokoro,2014年12月21日,気が小さくて臆病で人のこと気になって三日もねむれぬこともある　おだてられればいい気になるし　わるくちいわれりゃ腹立つわたし　物欲色欲名誉欲　人間はねぇ欲望のかたまりだな　人間のわたし,,,
546602254891888640,相田みつを☆心に響く詩,@mitsuwo_kokoro,2014年12月21日,一生勉強　一生青春,,,
546586662742921216,相田みつを☆心に響く詩,@mitsuwo_kokoro,2014年12月21日,そのときの出逢いが　人生を根底から変えることがある　よき出逢いを #mitsuwo,,,
546570459374841856,相田みつを☆心に響く詩,@mitsuwo_kokoro,2014年12月20日,体験してはじめて身につくんだなぁ,,,
546462621692477442,相田みつを☆心に響く詩,@mitsuwo_kokoro,2014年12月20日,ラクしてカッコよければしあわせか。・・・,,,
546446219199795200,相田みつを☆心に響く詩,@mitsuwo_kokoro,2014年12月20日,渦巻いて　濁らない　滝つぼの水,,,
546430067409055744,相田みつを☆心に響く詩,@mitsuwo_kokoro,2014年12月20日,「よくまわっているほどコマはしずかなんだな」 by みつを 感動したらRT！,,,
546413549438779392,相田みつを☆心に響く詩,@mitsuwo_kokoro,2014年12月20日,人間追いつめられてはじめて本音を吐く　その時どんな本音を吐くかそれが大事 #mitsuwo,,,
546396767688744961,相田みつを☆心に響く詩,@mitsuwo_kokoro,2014年12月20日,かんがえてばかりいると日がくれちゃうよ　みつをにんげんだもの　相田みつをより,,,
546380674739879936,相田みつを☆心に響く詩,@mitsuwo_kokoro,2014年12月20日,セトモノとセトモノとぶつかりっこするとすぐこわれちゃう・・・,,,
546292200477192192,相田みつを☆心に響く詩,@mitsuwo_kokoro,2014年12月20日,あれもほしい　これもほしい　ああなりたい　こうなりたい　欲望いっぱいのこの自分　そういう自分の運転手は自分 #mitsuwo,,1,
546275576261013505,相田みつを☆心に響く詩,@mitsuwo_kokoro,2014年12月20日,あなたの心がきれいだから　何でもきれいに見えるんだなあ,,,
546259363589918721,相田みつを☆心に響く詩,@mitsuwo_kokoro,2014年12月20日,みかんには みかんの味があり りんごには りんごの美しさがある　しあわせは　いつもじぶんのこころが　きめる #mitsuwo,,1,
546243403030097920,相田みつを☆心に響く詩,@mitsuwo_kokoro,2014年12月20日,にんげんだもの　相田みつをより,,,
546227347490230272,相田みつを☆心に響く詩,@mitsuwo_kokoro,2014年12月20日,自信はなくてうぬぼればかり　ああはずかしい　はずかしい　みつをトイレ用日めくり　ひとりしずか　みつを　相田みつを作品集より,,,
545947491242242049,相田みつを☆心に響く詩,@mitsuwo_kokoro,2014年12月19日,がまんをするんだよ　がまんをするんだよ　くやしいだろうがね　そこをがまんをするんだよ　そうすれば　人のかなしみやくるしみがよくわかってくるから #mitsuwo,,1,
545931127349710849,相田みつを☆心に響く詩,@mitsuwo_kokoro,2014年12月19日,わたしは、人間のほんとうの幸せとは・・・,,,
545915442053648384,相田みつを☆心に響く詩,@mitsuwo_kokoro,2014年12月19日,「子供に一首　どのような道をどのように　歩くともいのちいっぱいにいきてればいいぞ」 by みつを,,,
545674650961735680,相田みつを☆心に響く詩,@mitsuwo_kokoro,2014年12月18日,待ってもむだなことがある　待ってもだめなこともある　待ってもむなしきことばかり　それでもわたしはじっと待つ #mitsuwo,,1,
545577447991685121,相田みつを☆心に響く詩,@mitsuwo_kokoro,2014年12月18日,「できない約束はしないことだな」 by みつを 感動したらRT！,,,
545561376295370754,相田みつを☆心に響く詩,@mitsuwo_kokoro,2014年12月18日,ボロは初めに見せておけ　そうすればいつでも天下泰平だ,,,
545314258213298177,相田みつを☆心に響く詩,@mitsuwo_kokoro,2014年12月17日,にんげんはねぇ　どんな人でも人それぞれに悩みや苦しみをいっぱい抱えて生きているんだね　ほとけさまにもいえないような悩みと苦しみをね #mitsuwo,,,2
544937588575207428,相田みつを☆心に響く詩,@mitsuwo_kokoro,2014年12月16日,花を支える枝・・・,,,
544851455010557953,相田みつを☆心に響く詩,@mitsuwo_kokoro,2014年12月16日,道は一本　単純でまッ直ぐがいい　何かを欲しがると　欲しがったところが曲がる　道は一本まっすぐがいい,,,
544835475911884800,相田みつを☆心に響く詩,@mitsuwo_kokoro,2014年12月16日,人里はなれた　谷間の白百合の花は　誰にも見てもらえないのですが　少しのかけ引きもなく　精一杯の美しさで咲いています #mitsuwo,,,
544819568808452096,相田みつを☆心に響く詩,@mitsuwo_kokoro,2014年12月16日,にんげん　一番いやなことは　じぶんがじぶんにうそをいうときだ #mitsuwo,,,
544802068557348867,相田みつを☆心に響く詩,@mitsuwo_kokoro,2014年12月16日,人の為と書いて偽りと読むんだよなー #mitsuwo,,,
544669173670883328,相田みつを☆心に響く詩,@mitsuwo_kokoro,2014年12月15日,因も変り　縁も変る　なにもかも　みんな変ってゆくんだね　人間関係も変ってゆく世の中　無常だから #mitsuwo,,,
544484232764981250,相田みつを☆心に響く詩,@mitsuwo_kokoro,2014年12月15日,無理をしないで　なまけない　私は弱い人間だから #mitsuwo,,,
544468441101369347,相田みつを☆心に響く詩,@mitsuwo_kokoro,2014年12月15日,正直者は　ばかをみる　だからといってうそばかりも通らない　世の中単純じゃねんだよなあ,,,
544225089823064064,相田みつを☆心に響く詩,@mitsuwo_kokoro,2014年12月14日,外灯というのは　人のためにつけるんだよな　わたしはどれだけ　外灯をつけられるだろうか #mitsuwo,,,
544126980279398400,相田みつを☆心に響く詩,@mitsuwo_kokoro,2014年12月14日,やり直しのきかない人生・・・,,,
544111401636077570,相田みつを☆心に響く詩,@mitsuwo_kokoro,2014年12月14日,おだてられればいい気になるし　わるくちいわれりゃ腹たつわたし,,,
544095274981806081,相田みつを☆心に響く詩,@mitsuwo_kokoro,2014年12月14日,自信はなくてうぬぼればかり　はずかしい　はずかしい,,,1
544079084108529664,相田みつを☆心に響く詩,@mitsuwo_kokoro,2014年12月14日,「弱きもの人間　欲深きもの人間　偽り多きもの人間　そして人間の私」 by みつを,,,
544062576900833280,相田みつを☆心に響く詩,@mitsuwo_kokoro,2014年12月14日,感動いっぱい、・・・,,,
544046305723424768,相田みつを☆心に響く詩,@mitsuwo_kokoro,2014年12月14日,弱きもの人間。欲ふかきもの人間。・・・,,,
543973964888821760,相田みつを☆心に響く詩,@mitsuwo_kokoro,2014年12月13日,私の、このヘタな文字、つたない文章も、・・・,,,
543951444622069760,相田みつを☆心に響く詩,@mitsuwo_kokoro,2014年12月13日,アレもコレもほしがるなよ,,,1
543935698659577856,相田みつを☆心に響く詩,@mitsuwo_kokoro,2014年12月13日,親切と言う名のおせっかい　そっとしておくおもいやり,,,
543918897288589313,相田みつを☆心に響く詩,@mitsuwo_kokoro,2014年12月13日,そのときの出逢いが　トイレ用日めくり　ひとりしずか　みつを　相田みつを作品集より,,,
543903000041762817,相田みつを☆心に響く詩,@mitsuwo_kokoro,2014年12月13日,その根っこは見えない　その見えないところに大事な点がある,,,
543887329220235264,相田みつを☆心に響く詩,@mitsuwo_kokoro,2014年12月13日,かねも名誉も地位財産もじぶんの外側になんにも求めないときをほんとうの安心という　そういうおまえさん自身に安心があるか #mitsuwo,,,
543871351245643777,相田みつを☆心に響く詩,@mitsuwo_kokoro,2014年12月13日,正直者は　ばかをみる　だからといってうそばかりも通らない　世の中単純じゃねんだよなあ #mitsuwo,,,
543773845279100929,相田みつを☆心に響く詩,@mitsuwo_kokoro,2014年12月13日,どんなぐちでも気持ちよく聞いてくれる人　その人はあなたにとって大事な観音さまだ #mitsuwo,,,
543660040792453121,相田みつを☆心に響く詩,@mitsuwo_kokoro,2014年12月12日,この我執の強さ　この気の弱さ　共に佛さまがわたしに授けてくれたもの　みつをトイレ用日めくり　ひとりしずか　みつを　相田みつを作品集より,,,
543644236185210880,相田みつを☆心に響く詩,@mitsuwo_kokoro,2014年12月12日,おなじやるならば　本腰入れてやってごらん　そのほうが　つかれないでたのしいから,,,
543628230997979136,相田みつを☆心に響く詩,@mitsuwo_kokoro,2014年12月12日,「自分の後ろ姿は　自分じゃ見えねんだなあ」 by みつを 感動したらRT！,,,
543611586984693760,相田みつを☆心に響く詩,@mitsuwo_kokoro,2014年12月12日,しあわせはいつも自分のこころがきめる,,,
543595818771439616,相田みつを☆心に響く詩,@mitsuwo_kokoro,2014年12月12日,冬心　樹木は風雪の中に他人に見せたくない自分のあるがままの裸をさらす　ひとことも弁解しないで　みつをにんげんだもの　相田みつをより,,,
543580328703434753,相田みつを☆心に響く詩,@mitsuwo_kokoro,2014年12月12日,むりをしないで　なまけない　わたしは弱い人間だから #mitsuwo,,,
543046210982907905,相田みつを☆心に響く詩,@mitsuwo_kokoro,2014年12月11日,アノネ、がんばんなくてもいいからさ、具体的に動くことだね。 #mitsuwo,,,1
543030237160673281,相田みつを☆心に響く詩,@mitsuwo_kokoro,2014年12月11日,自身はなくてうぬぼればかり　はずかしい　はずかしい,,,
543013664853225472,相田みつを☆心に響く詩,@mitsuwo_kokoro,2014年12月11日,「ビリがいるから１位がいる」 by みつを,,,
541229118428176384,相田みつを☆心に響く詩,@mitsuwo_kokoro,2014年12月6日,おまえさんな　いま一体何が一番欲しい　あれもこれもじゃだめだよ　いのちがけでほしいものを　ただ一ツに的をしぼって　言ってみな,,,
541212666727903232,相田みつを☆心に響く詩,@mitsuwo_kokoro,2014年12月6日,うばいあえば足らぬ　分け合えば余まる,,,
540871117104091136,相田みつを☆心に響く詩,@mitsuwo_kokoro,2014年12月5日,枯れたすすきがまだ美しいのは　いのちいっぱい一生けんめいに生きてきたからだ,,1,
540852843297529856,相田みつを☆心に響く詩,@mitsuwo_kokoro,2014年12月5日,人の為と書いて偽りと読むんだよなー,,,
540502139731058688,相田みつを☆心に響く詩,@mitsuwo_kokoro,2014年12月4日,おてんとうさまのひかりをいっぱい吸った・・・,,,
540485571794055168,相田みつを☆心に響く詩,@mitsuwo_kokoro,2014年12月4日,いいことはおかげさま・・・,,,
540144383652151296,相田みつを☆心に響く詩,@mitsuwo_kokoro,2014年12月3日,そのときの出会いが人生を根底から変えることがある,,1,1
540127520012505088,相田みつを☆心に響く詩,@mitsuwo_kokoro,2014年12月3日,あなたの心がきれいだから　何でもきれいに見えるんだなあ #mitsuwo,,1,
540110958081765377,相田みつを☆心に響く詩,@mitsuwo_kokoro,2014年12月3日,やれなかった　やらなかった　どっちかな #mitsuwo,,,1
539867740346257408,相田みつを☆心に響く詩,@mitsuwo_kokoro,2014年12月2日,体験してはじめて身につくんだなあ　みつをトイレ用日めくり　ひとりしずか　みつを　相田みつを作品集より,,,
539767456424665088,相田みつを☆心に響く詩,@mitsuwo_kokoro,2014年12月2日,そのままで　いいがな #mitsuwo,,,1
539751775633305602,相田みつを☆心に響く詩,@mitsuwo_kokoro,2014年12月2日,かんのんさまがみている　ほとけさまがみている　みんなみている　ちゃんとみている　みつをにんげんだもの　相田みつをより,,,
539503154329436160,相田みつを☆心に響く詩,@mitsuwo_kokoro,2014年12月1日,にんげんはねぇ　人から点数をつけられるために　この世に生まれてきたのでないんだよ　にんげんがさき点数はあと,,1,
539415449654419457,相田みつを☆心に響く詩,@mitsuwo_kokoro,2014年12月1日,身近な人の死に逢うたびに　私は人間の命のはかなさにガクゼンとします　この世に人間として生きている尊さを骨身にしみて感じるとき　私には仕事への闘志が湧いてきます,,,
539398267998441474,相田みつを☆心に響く詩,@mitsuwo_kokoro,2014年12月1日,あのねぇ　財産　肩書き　地位　名誉　その他　自分についている誇り高き飾り物をみんな落としてすっぱだかになってごらん　人間としての本当の自分がわかるから #mitsuwo,,,
539144120023781376,相田みつを☆心に響く詩,@mitsuwo_kokoro,2014年11月30日,どうでもいいものは　どうでもいいんだよ　いちばん大事なことに　一番大事ないのちをかけてゆくことうまれかわり死にかわり　永遠の過去のいのちを受け継いで　いま自分の番を生きている　それがあなたのいのちです　それがわたしのいのちです,,,
538860885821775872,相田みつを☆心に響く詩,@mitsuwo_kokoro,2014年11月29日,トイレ用日めくり　ひとりしずか　みつを　相田みつを作品集より,,,
538844518225690624,相田みつを☆心に響く詩,@mitsuwo_kokoro,2014年11月29日,七転八倒　つまづいたり　ころんだり　するほうが　自然なんだな　にんげんだもの,,2,2
538828584173834240,相田みつを☆心に響く詩,@mitsuwo_kokoro,2014年11月29日,どうでもいいものは　どうでもいいんだよ　いちばん大事なことに　一番大事ないのちをかけてゆくことだ #mitsuwo,,,1
538708407033683968,相田みつを☆心に響く詩,@mitsuwo_kokoro,2014年11月29日,「あのねぇ　財産　肩書き　地位　名誉　その他　自分についている誇り高き飾り物をみんな落としてすっぱだかになってごらん　人間としての本当の自分がわかるから」 by みつを 感動したらRT！,,,
538691886337122304,相田みつを☆心に響く詩,@mitsuwo_kokoro,2014年11月29日,「おたがいになぁ　不完全　欠点だらけの　にんげんですがね」 by みつを,,,1
538674728504791040,相田みつを☆心に響く詩,@mitsuwo_kokoro,2014年11月29日,いいですか　いくらのろくても　かまいませんよ　たいせつなことはね　いつでも前をむいて　自分の足で自分の道を歩くことですよ　いいですか　どんな大事なものでもね　荷物はみんな捨ててくださいよ　自分のからだも　捨てるんですからね #mitsuwo,,1,
538606381876539392,相田みつを☆心に響く詩,@mitsuwo_kokoro,2014年11月29日,「ぐちをこぼしてゆくんだね　なみだをながしてゆくんだね　だれにも気がねはいらぬから　えんりょしなくていいんですよ　ぐちをこぼしてゆくがいい　なみだをながしてゆくがいい」 by みつを,,,
538590243750825985,相田みつを☆心に響く詩,@mitsuwo_kokoro,2014年11月28日,因も変り　縁も変る　なにもかも　みんな変ってゆくんだね　人間関係も変ってゆく世の中　無常だから,,,
538573819414183937,相田みつを☆心に響く詩,@mitsuwo_kokoro,2014年11月28日,枯れたすすきがまだ美しいのは　いのちいっぱい一生けんめいに生きてきたからだ #mitsuwo,,,
537972462848192512,相田みつを☆心に響く詩,@mitsuwo_kokoro,2014年11月27日,かんのんさまは　どうして　こんなにしずかなの　かなしみに　たえた人だから　どうしてこんなに　やさしいの　ひとの世の　くるしみに　一番泣いた方　だから #mitsuwo,,,
537956027564437504,相田みつを☆心に響く詩,@mitsuwo_kokoro,2014年11月27日,けれどけれどで何もしない・・・,,,
537704874947801089,相田みつを☆心に響く詩,@mitsuwo_kokoro,2014年11月26日,いいですか　いくらのろくても　かまいませんよ　たいせつなことはね　いつでも前をむいて　自分の足で自分の道を歩くことですよ　いいですか　どんな大事なものでもね　荷物はみんな捨ててくださいよ　自分のからだも　捨てるんですからね,,,
537597322029301760,相田みつを☆心に響く詩,@mitsuwo_kokoro,2014年11月26日,アノネ　仕事はなんでもいい　ただひたすら　じぶんの仕事に打ち込んでいる姿はみんなすばらしい,,,
537581408667959298,相田みつを☆心に響く詩,@mitsuwo_kokoro,2014年11月26日,ボロは初めに見せておけ　そうすればいつでも天下泰平だ #mitsuwo,,,
537252026384531457,相田みつを☆心に響く詩,@mitsuwo_kokoro,2014年11月25日,琴の糸　張りすぎてもダメ　たるんでもダメ　ちょうどいいあんばいのときに　ちょうどいいあんばいの音が出る,,,
537234561852141568,相田みつを☆心に響く詩,@mitsuwo_kokoro,2014年11月25日,負ける人のおかげで　勝てるんだよな #mitsuwo,,,
536980355710865408,相田みつを☆心に響く詩,@mitsuwo_kokoro,2014年11月24日,「待ってもむだなことがある　待ってもだめなこともある　待ってもむなしきことばかり　それでもわたしはじっと待つ」 by みつを,,,
536963866341539840,相田みつを☆心に響く詩,@mitsuwo_kokoro,2014年11月24日,慣れるな　なれるな　どんなことにも慣れるな　慣れると感動がなくなるから,,1,1
536888568832995330,相田みつを☆心に響く詩,@mitsuwo_kokoro,2014年11月24日,転んだっていいじゃないか。人間だもの。 #mitsuwo,,1,
536872104763723776,相田みつを☆心に響く詩,@mitsuwo_kokoro,2014年11月24日,そんかとくか人間のものさし　うそかまことか　佛さまのものさし　みつをトイレ用日めくり　ひとりしずか　みつを　相田みつを作品集より,,,
536855630569422850,相田みつを☆心に響く詩,@mitsuwo_kokoro,2014年11月24日,トマトがねぇトマトのままでいればほんものなんだよ　トマトをメロンにみせようとするからにせものになるんだよ　みんなそれぞれにほんものなのに骨を折ってにせものになりたがる #mitsuwo,,,
536839384545251328,相田みつを☆心に響く詩,@mitsuwo_kokoro,2014年11月24日,名もない草も実をつける・・・,,,
536823159681339392,相田みつを☆心に響く詩,@mitsuwo_kokoro,2014年11月24日,にんげんはねぇ　人から点数をつけられるために・・・,,,
536805528169496576,相田みつを☆心に響く詩,@mitsuwo_kokoro,2014年11月24日,これでいいということはないが　これが今の私の精一杯の姿です #mitsuwo,,,
536511559967596544,相田みつを☆心に響く詩,@mitsuwo_kokoro,2014年11月23日,いくら多くの人に読まれても、ただ読まれるだけじゃ意味が無い。・・・,,,
535057819100143618,相田みつを☆心に響く詩,@mitsuwo_kokoro,2014年11月19日,やれなかった　やらなかった　どっちかな,,,
534802307645321216,相田みつを☆心に響く詩,@mitsuwo_kokoro,2014年11月18日,歩くから道になる　歩かなければ草が生える #mitsuwo,,,
534694121479213057,相田みつを☆心に響く詩,@mitsuwo_kokoro,2014年11月18日,昨日までの自分を否定し　今日の自分に生きる　今日新たに生まれ変わる,,,
534677948540809216,相田みつを☆心に響く詩,@mitsuwo_kokoro,2014年11月18日,かねが人生のすべてではないが　有れば便利・・・,,,
534442387238440960,相田みつを☆心に響く詩,@mitsuwo_kokoro,2014年11月17日,あなたの心がきれいだから・・・,,,
534336204024475649,相田みつを☆心に響く詩,@mitsuwo_kokoro,2014年11月17日,金が人生のすべてではないが　有れば便利　無いと不便です　便利のほうがいいなあ,,,
534319524200210432,相田みつを☆心に響く詩,@mitsuwo_kokoro,2014年11月17日,「他人の物指し　自分のものさし　それぞれ寸法がちがうんだな」 by みつを,,,
534078138272055296,相田みつを☆心に響く詩,@mitsuwo_kokoro,2014年11月16日,だれにだってあるんだよ　ひとにはいえないくるしみが　だれにだってあるんだよ　ひとひはいえないかなしみが　ただ　だまっているだけなんだよ　いえばぐちになるから,,,1
533978039059611649,相田みつを☆心に響く詩,@mitsuwo_kokoro,2014年11月16日,「自分が自分にいやになるとき　金がほしいのにほしくないようなふりをするとき」 by みつを 感動したらRT！,,,
533961061527871488,相田みつを☆心に響く詩,@mitsuwo_kokoro,2014年11月16日,しんじつだけが魂をうつ,,,
533802357323071488,相田みつを☆心に響く詩,@mitsuwo_kokoro,2014年11月15日,人間はねぇ　自分よりも人のほうがよくなると　おもしろくねんだなぁ　人間のわたし #mitsuwo,,1,
533786679413198848,相田みつを☆心に響く詩,@mitsuwo_kokoro,2014年11月15日,途中にいるかぎり中ぶらりん　底まで落ちて足が地に着けば　本当に落ち着く #mitsuwo,,,
533770135488585728,相田みつを☆心に響く詩,@mitsuwo_kokoro,2014年11月15日,水にぬれなければ　およげませんよ。,,,
533753927255080961,相田みつを☆心に響く詩,@mitsuwo_kokoro,2014年11月15日,雨の日には雨の中を・・・,,,
533639304182898688,相田みつを☆心に響く詩,@mitsuwo_kokoro,2014年11月15日,夢はでっかく　根はふかく,,,
533617144768905216,相田みつを☆心に響く詩,@mitsuwo_kokoro,2014年11月15日,しんじつだけが魂をうつ #mitsuwo,,,
533600669270167552,相田みつを☆心に響く詩,@mitsuwo_kokoro,2014年11月15日,外灯というのは人のためにつけるんだよな・・・,,,
533584350206369794,相田みつを☆心に響く詩,@mitsuwo_kokoro,2014年11月15日,あとでやろうと思ってもやれた試しがない　やるならいつでもいまだ #mitsuwo,,,
533397824910544896,相田みつを☆心に響く詩,@mitsuwo_kokoro,2014年11月14日,「どんなぐちでも気持ちよく聞いてくれる人　その人はあなたにとって大事な観音さまだ」 by みつを 感動したらRT！,,,
533381182520438784,相田みつを☆心に響く詩,@mitsuwo_kokoro,2014年11月14日,自分の心のどん底が納得しているかどうかそこが大事,,,
533364762441441280,相田みつを☆心に響く詩,@mitsuwo_kokoro,2014年11月14日,あのときの　あの苦しみも・・・,,,
533258210757472256,相田みつを☆心に響く詩,@mitsuwo_kokoro,2014年11月14日,「あなたがそこにただいるだけで　その場の空気が明るくなる　あなたがそこにただいるだけで」 by みつを,,,
533240151410225152,相田みつを☆心に響く詩,@mitsuwo_kokoro,2014年11月14日,わかってたまるか　人に踏まれてばかりいる　雑草のくるしみが,,1,
532989914250346496,相田みつを☆心に響く詩,@mitsuwo_kokoro,2014年11月13日,慣れるな　なれるな　どんなことにも慣れるな　慣れると感動がなくなるから #mitsuwo,,,1
532973441532444672,相田みつを☆心に響く詩,@mitsuwo_kokoro,2014年11月13日,「雨の日には雨の中を　風の日には風の中を」 by みつを,,,
532880106461491200,相田みつを☆心に響く詩,@mitsuwo_kokoro,2014年11月13日,自分が自分にいやになるとき　金がほしいのにほしくないようなふりをするとき #mitsuwo,,,
532863294193692672,相田みつを☆心に響く詩,@mitsuwo_kokoro,2014年11月13日,あのときのあの苦しみも　あのときのあの悲しみも　みんな肥料になったんだなあ #mitsuwo,,1,
532619509429850113,相田みつを☆心に響く詩,@mitsuwo_kokoro,2014年11月12日,できない約束はしないことだな,,,
532534788628811778,相田みつを☆心に響く詩,@mitsuwo_kokoro,2014年11月12日,できない約束はしないことだな　みつをトイレ用日めくり　ひとりしずか　みつを　相田みつを作品集より,,,
532518224932257793,相田みつを☆心に響く詩,@mitsuwo_kokoro,2014年11月12日,「転んだっていいじゃないか。人間だもの。」 by みつを 感動したらRT！,,,
532501612023910400,相田みつを☆心に響く詩,@mitsuwo_kokoro,2014年11月12日,だれうらむことはない・・・,,,
532155655583322112,相田みつを☆心に響く詩,@mitsuwo_kokoro,2014年11月11日,親切という名のおっせかい・・・,,,
532139954193715200,相田みつを☆心に響く詩,@mitsuwo_kokoro,2014年11月11日,にんげんはねぇ　人から点数をつけられるために　この世に生まれてきたのでないんだよ　にんげんがさき点数はあと #mitsuwo,,,1
531894301853093889,相田みつを☆心に響く詩,@mitsuwo_kokoro,2014年11月10日,毎日少しずつ　それがなかなかできねんだなあ　みつをにんげんだもの　相田みつをより,,,1
531799538357399552,相田みつを☆心に響く詩,@mitsuwo_kokoro,2014年11月10日,道は一本　単純でまッ直ぐがいい　何かを欲しがると　欲しがったところが曲がる　道は一本まっすぐがいい #mitsuwo,,,
531462334560997377,相田みつを☆心に響く詩,@mitsuwo_kokoro,2014年11月9日,あのねぇ　どんなに上手なべんかいをしてもね　べんかいはやっぱり　べんかいなんだよなぁ,,,
531445865936744449,相田みつを☆心に響く詩,@mitsuwo_kokoro,2014年11月9日,「わかってたまるか　人に踏まれてばかりいる　雑草のくるしみが」 by みつを 感動したらRT！,,,
531400089483231232,相田みつを☆心に響く詩,@mitsuwo_kokoro,2014年11月9日,「うばいあえば足らぬ　分け合えば余まる」 by みつを 感動したらRT！,,,
531367500475158528,相田みつを☆心に響く詩,@mitsuwo_kokoro,2014年11月9日,人間が人間として　生きるときの時は　いつでもいま・・・,,,
531351244640505856,相田みつを☆心に響く詩,@mitsuwo_kokoro,2014年11月8日,あいだみつをの心に響く名言さんがフォローしています 子供がついつい笑ってしまうさん、たけしの名言さん、アニメおたくの語り場さんと他7 人,,,
531329545647841281,相田みつを☆心に響く詩,@mitsuwo_kokoro,2014年11月8日,背のびする自分　卑下する自分・・・,,,
531279595098484736,相田みつを☆心に響く詩,@mitsuwo_kokoro,2014年11月8日,かげぐちをいわれることを知りながら　ほめられればすぐのぼせるわたし　みつをトイレ用日めくり　ひとりしずか　みつを　相田みつを作品集より,,,
531262991920947200,相田みつを☆心に響く詩,@mitsuwo_kokoro,2014年11月8日,「がまんをするんだよ　がまんをするんだよ　くやしいだろうがね　そこをがまんをするんだよ　そうすれば　人のかなしみやくるしみがよくわかってくるから」 by みつを,,,
531247143504199680,相田みつを☆心に響く詩,@mitsuwo_kokoro,2014年11月8日,「うまれかわり死にかわり　永遠の過去のいのちを受け継いで　いま自分の番を生きている　それがあなたのいのちです　それがわたしのいのちです」 by みつを,,,
531101829501693952,相田みつを☆心に響く詩,@mitsuwo_kokoro,2014年11月8日,雨の日には雨の中を　風の日には風の中を,,,
531085347304665088,相田みつを☆心に響く詩,@mitsuwo_kokoro,2014年11月8日,負ける人のおかげで　勝てるんだよな,,,
531041462511607808,相田みつを☆心に響く詩,@mitsuwo_kokoro,2014年11月8日,みつをトイレ用日めくり　ひとりしずか　みつを　相田みつを作品集より,,,
530985086200455169,相田みつを☆心に響く詩,@mitsuwo_kokoro,2014年11月7日,あなたがそこにただいるだけで　その場の空気が明るくなる　あなたがそこにただいるだけで #mitsuwo,,,
530969232893161472,相田みつを☆心に響く詩,@mitsuwo_kokoro,2014年11月7日,「自分の花」　名もない草も実をつける　命いっぱいに自分の花を咲かせて #mitsuwo,,,
530723565424103424,相田みつを☆心に響く詩,@mitsuwo_kokoro,2014年11月7日,かねかねかねと金追いかけても　行きつくところは一体どこなの? #mitsuwo,,,
530088844902039552,相田みつを☆心に響く詩,@mitsuwo_kokoro,2014年11月5日,願願を持ちましょう　みトイレ用日めくり　ひとりしずか　みつを　相田みつを作品集より,,,
529969137851064321,相田みつを☆心に響く詩,@mitsuwo_kokoro,2014年11月5日,だれにだってあるんだよ　ひとにはいえないくるしみが　だれにだってあるんだよ　ひとひはいえないかなしみが　ただ　だまっているだけなんだよ　いえばぐちになるから #mitsuwo,,,
529622226476498945,相田みつを☆心に響く詩,@mitsuwo_kokoro,2014年11月4日,おまえさんな　いま一体何が一番欲しい　あれもこれもじゃだめだよ　いのちがけでほしいものを　ただ一ツに的をしぼって　言ってみな #mitsuwo,,,
529226388734087168,相田みつを☆心に響く詩,@mitsuwo_kokoro,2014年11月3日,にんげん　一番いやなことは　じぶんがじぶんにうそをいうときだ,,,
528914153319456769,相田みつを☆心に響く詩,@mitsuwo_kokoro,2014年11月2日,なんでもいいんだともかく一生懸命やってみることだ　いのちがけでやってみることだそうすれば　人間の不完全さがよくわかる　自分の至らなさが骨身に沁みてよくわかる　頭でなくてからだ全体でよくわかる,,,
528331769230422016,相田みつを☆心に響く詩,@mitsuwo_kokoro,2014年10月31日,一番わかっているようで　一番わからぬこの自分 #mitsuwo,,,
528195800191365120,相田みつを☆心に響く詩,@mitsuwo_kokoro,2014年10月31日,アノネ　かんのんさまがみていてくれるよ　なにもかもみんな承知でね　かんのんさまがみていてくれるよ　いいわけやべんかいなんかしなくてもね　かんのんさまがちゃんとみていてくれるよ #mitsuwo,,,
527467420639055872,相田みつを☆心に響く詩,@mitsuwo_kokoro,2014年10月29日,「道は一本　単純でまッ直ぐがいい　何かを欲しがると　欲しがったところが曲がる　道は一本まっすぐがいい」 by みつを 感動したらRT！,,,
526732454607224832,相田みつを☆心に響く詩,@mitsuwo_kokoro,2014年10月27日,やりなおしが　きかねんだなぁ　人生というものは #mitsuwo,,,
512965805244309504,相田みつを☆心に響く詩,@mitsuwo_kokoro,2014年9月19日,やれなかった　やらなかった　どっちかな,,1,
510592570808729600,相田みつを☆心に響く詩,@mitsuwo_kokoro,2014年9月12日,がまんをするんだよ　がまんをするんだよ　くやしいだろうがね　そこをがまんをするんだよ　そうすれば　人のかなしみやくるしみがよくわかってくるから,,1,
510510702818119680,相田みつを☆心に響く詩,@mitsuwo_kokoro,2014年9月12日,人間追いつめられてはじめて本音を吐く　その時どんな本音を吐くかそれが大事,,1,
510506970378293248,相田みつを☆心に響く詩,@mitsuwo_kokoro,2014年9月12日,人の為と書いて偽りと読むんだよなー,,2,
